payment_method_id,cash_id,cash_received,cash_change
4,1,1158.0,70.0
4,2,374.0,70.0
4,3,1344.0,0.0
4,4,1973.0,5.0
4,5,1808.0,80.0
4,6,1578.0,90.0
4,7,193.0,1.0
4,8,2458.0,10.0
4,9,454.0,70.0
4,10,865.0,1.0
4,11,1216.0,80.0
4,12,306.0,50.0
4,13,1490.0,50.0
4,14,1222.0,70.0
4,15,1808.0,80.0
4,16,1322.0,10.0
4,17,2536.0,40.0
4,18,1438.0,30.0
4,19,1572.0,100.0
4,20,964.0,20.0
4,21,1884.0,60.0
4,22,710.0,70.0
4,23,1156.0,100.0
4,24,722.0,50.0
4,25,1248.0,0.0
4,26,2392.0,40.0
4,27,1472.0,0.0
4,28,2048.0,0.0
4,29,1205.0,5.0
4,30,404.0,20.0
4,31,1552.0,0.0
4,32,1972.0,20.0
4,33,778.0,10.0
4,34,1925.0,5.0
4,35,816.0,0.0
4,36,1450.0,10.0
4,37,788.0,20.0
4,38,1344.0,0.0
4,39,542.0,30.0
4,40,224.0,0.0
4,41,256.0,0.0
4,42,914.0,50.0
4,43,868.0,100.0
4,44,1409.0,1.0
4,45,1498.0,90.0
4,46,1532.0,60.0
4,47,358.0,70.0
4,48,1620.0,20.0
4,49,1034.0,10.0
4,50,1521.0,1.0
4,51,1692.0,60.0
4,52,1584.0,80.0
4,53,2238.0,30.0
4,54,321.0,1.0
4,55,1190.0,70.0
4,56,1861.0,5.0
4,57,641.0,1.0
4,58,702.0,30.0
4,59,1536.0,0.0
4,60,778.0,90.0
4,61,1842.0,50.0
4,62,554.0,10.0
4,63,1098.0,10.0
4,64,2218.0,10.0
4,65,1552.0,80.0
4,66,1408.0,0.0
4,67,498.0,50.0
4,68,646.0,70.0
4,69,548.0,100.0
4,70,914.0,50.0
4,71,1534.0,30.0
4,72,1660.0,60.0
4,73,922.0,90.0
4,74,1266.0,50.0
4,75,1146.0,90.0
4,76,1194.0,10.0
4,77,1600.0,80.0
4,78,385.0,1.0
4,79,1258.0,10.0
4,80,1000.0,40.0
4,81,528.0,80.0
4,82,676.0,100.0
4,83,1396.0,20.0
4,84,576.0,0.0
4,85,1158.0,70.0
4,86,1518.0,30.0
4,87,1800.0,40.0
4,88,2340.0,100.0
4,89,960.0,0.0
4,90,262.0,70.0
4,91,672.0,80.0
4,92,773.0,5.0
4,93,954.0,90.0
4,94,900.0,100.0
4,95,276.0,20.0
4,96,1946.0,10.0
4,97,874.0,10.0
4,98,2206.0,30.0
4,99,1554.0,50.0
4,100,2325.0,5.0
4,101,1108.0,20.0
4,102,318.0,30.0
4,103,414.0,30.0
4,104,984.0,40.0
4,105,788.0,20.0
4,106,1370.0,90.0
4,107,1470.0,30.0
4,108,1492.0,20.0
4,109,1350.0,70.0
4,110,837.0,5.0
4,111,1734.0,70.0
4,112,616.0,40.0
4,113,1778.0,50.0
4,114,710.0,70.0
4,115,769.0,1.0
4,116,1232.0,80.0
4,117,600.0,40.0
4,118,1212.0,60.0
4,119,1322.0,10.0
4,120,1046.0,70.0
4,121,1578.0,10.0
4,122,1866.0,10.0
4,123,296.0,40.0
4,124,794.0,90.0
4,125,1740.0,60.0
4,126,1236.0,20.0
4,127,1562.0,90.0
4,128,1605.0,5.0
4,129,276.0,20.0
4,130,596.0,20.0
4,131,1702.0,70.0
4,132,1576.0,40.0
4,133,722.0,50.0
4,134,1286.0,70.0
4,135,1508.0,20.0
4,136,930.0,50.0
4,137,1061.0,5.0
4,138,1594.0,90.0
4,139,942.0,30.0
4,140,1994.0,10.0
4,141,1448.0,40.0
4,142,1542.0,70.0
4,143,961.0,1.0
4,144,1602.0,50.0
4,145,996.0,20.0
4,146,404.0,20.0
4,147,1596.0,60.0
4,148,266.0,10.0
4,149,1722.0,90.0
4,150,2000.0,80.0
4,151,732.0,60.0
4,152,454.0,70.0
4,153,308.0,20.0
4,154,961.0,1.0
4,155,758.0,70.0
4,156,1317.0,5.0
4,157,1892.0,20.0
4,158,338.0,50.0
4,159,830.0,30.0
4,160,1106.0,50.0
4,161,688.0,80.0
4,162,572.0,60.0
4,163,1188.0,100.0
4,164,1190.0,70.0
4,165,869.0,5.0
4,166,1936.0,80.0
4,167,778.0,10.0
4,168,272.0,80.0
4,169,1812.0,20.0
4,170,424.0,40.0
4,171,1920.0,0.0
4,172,2497.0,1.0
4,173,837.0,5.0
4,174,1378.0,50.0
4,175,992.0,80.0
4,176,586.0,10.0
4,177,448.0,0.0
4,178,966.0,70.0
4,179,1196.0,60.0
4,180,1246.0,30.0
4,181,1816.0,40.0
4,182,1316.0,20.0
4,183,608.0,0.0
4,184,2042.0,90.0
4,185,773.0,5.0
4,186,1306.0,90.0
4,187,1680.0,80.0
4,188,1798.0,70.0
4,189,1178.0,90.0
4,190,1322.0,10.0
4,191,2017.0,1.0
4,192,356.0,100.0
4,193,740.0,100.0
4,194,346.0,90.0
4,195,870.0,70.0
4,196,1569.0,1.0
4,197,2488.0,40.0
4,198,640.0,0.0
4,199,1092.0,100.0
4,200,1270.0,70.0
4,201,2122.0,10.0
4,202,264.0,40.0
4,203,666.0,90.0
4,204,990.0,30.0
4,205,308.0,20.0
4,206,1472.0,0.0
4,207,404.0,20.0
4,208,965.0,5.0
4,209,906.0,10.0
4,210,328.0,40.0
4,211,1748.0,20.0
4,212,1441.0,1.0
4,213,1060.0,100.0
4,214,1640.0,40.0
4,215,1029.0,5.0
4,216,582.0,70.0
4,217,1640.0,40.0
4,218,1345.0,1.0
4,219,1140.0,20.0
4,220,2074.0,10.0
4,221,513.0,1.0
4,222,512.0,0.0
4,223,2370.0,50.0
4,224,1034.0,10.0
4,225,1300.0,20.0
4,226,314.0,10.0
4,227,232.0,40.0
4,228,768.0,0.0
4,229,321.0,1.0
4,230,1345.0,1.0
4,231,378.0,90.0
4,232,810.0,10.0
4,233,1240.0,40.0
4,234,1160.0,40.0
4,235,2290.0,50.0
4,236,1310.0,30.0
4,237,1364.0,20.0
4,238,1120.0,0.0
4,239,930.0,50.0
4,240,948.0,20.0
4,241,2090.0,90.0
4,242,1764.0,100.0
4,243,848.0,80.0
4,244,666.0,90.0
4,245,1722.0,90.0
4,246,512.0,0.0
4,247,980.0,20.0
4,248,2374.0,70.0
4,249,518.0,70.0
4,250,1300.0,20.0
4,251,1034.0,10.0
4,252,904.0,40.0
4,253,646.0,70.0
4,254,328.0,40.0
4,255,712.0,40.0
4,256,858.0,90.0
4,257,1300.0,100.0
4,258,2020.0,20.0
4,259,884.0,20.0
4,260,336.0,80.0
4,261,1666.0,50.0
4,262,1232.0,80.0
4,263,1152.0,0.0
4,264,1450.0,10.0
4,265,1918.0,30.0
4,266,1812.0,100.0
4,267,380.0,60.0
4,268,1796.0,100.0
4,269,1312.0,0.0
4,270,1248.0,0.0
4,271,484.0,100.0
4,272,1870.0,30.0
4,273,1178.0,90.0
4,274,818.0,50.0
4,275,2088.0,40.0
4,276,1633.0,1.0
4,277,346.0,90.0
4,278,746.0,10.0
4,279,676.0,100.0
4,280,264.0,40.0
4,281,1044.0,20.0
4,282,580.0,20.0
4,283,2042.0,90.0
4,284,1233.0,1.0
4,285,942.0,30.0
4,286,1360.0,80.0
4,287,1436.0,60.0
4,288,801.0,1.0
4,289,965.0,5.0
4,290,1160.0,40.0
4,291,614.0,70.0
4,292,904.0,40.0
4,293,2006.0,70.0
4,294,1704.0,40.0
4,295,906.0,10.0
4,296,2240.0,80.0
4,297,1404.0,60.0
4,298,993.0,1.0
4,299,1640.0,40.0
4,300,768.0,0.0
4,301,828.0,60.0
4,302,1332.0,20.0
4,303,404.0,100.0
4,304,1454.0,30.0
4,305,1040.0,80.0
4,306,869.0,5.0
4,307,1464.0,40.0
4,308,508.0,60.0
4,309,638.0,30.0
4,310,1632.0,0.0
4,311,894.0,30.0
4,312,1457.0,1.0
4,313,1488.0,80.0
4,314,581.0,5.0
4,315,997.0,5.0
4,316,1050.0,90.0
4,317,858.0,90.0
4,318,894.0,30.0
4,319,616.0,40.0
4,320,257.0,1.0
4,321,1348.0,100.0
4,322,565.0,5.0
4,323,2146.0,50.0
4,324,1556.0,20.0
4,325,1168.0,80.0
4,326,1600.0,0.0
4,327,1505.0,1.0
4,328,1184.0,0.0
4,329,1028.0,100.0
4,330,417.0,1.0
4,331,389.0,5.0
4,332,296.0,40.0
4,333,1338.0,90.0
4,334,224.0,0.0
4,335,1349.0,5.0
4,336,1428.0,20.0
4,337,266.0,10.0
4,338,1318.0,70.0
4,339,913.0,1.0
4,340,2016.0,80.0
4,341,1130.0,10.0
4,342,880.0,80.0
4,343,1000.0,40.0
4,344,528.0,80.0
4,345,516.0,100.0
4,346,1556.0,20.0
4,347,436.0,20.0
4,348,1648.0,80.0
4,349,1330.0,50.0
4,350,1505.0,1.0
4,351,1362.0,50.0
4,352,1798.0,70.0
4,353,1029.0,5.0
4,354,560.0,80.0
4,355,837.0,5.0
4,356,364.0,60.0
4,357,650.0,10.0
4,358,1946.0,90.0
4,359,2644.0,100.0
4,360,1566.0,30.0
4,361,1544.0,40.0
4,362,862.0,30.0
4,363,624.0,80.0
4,364,346.0,90.0
4,365,308.0,20.0
4,366,1520.0,80.0
4,367,528.0,80.0
4,368,1522.0,50.0
4,369,838.0,70.0
4,370,1678.0,30.0
4,371,1572.0,100.0
4,372,822.0,70.0
4,373,884.0,20.0
4,374,884.0,20.0
4,375,869.0,5.0
4,376,646.0,70.0
4,377,1002.0,90.0
4,378,596.0,20.0
4,379,1478.0,70.0
4,380,820.0,20.0
4,381,1546.0,10.0
4,382,1472.0,0.0
4,383,1106.0,50.0
4,384,1320.0,40.0
4,385,1540.0,20.0
4,386,648.0,40.0
4,387,306.0,50.0
4,388,892.0,60.0
4,389,257.0,1.0
4,390,1114.0,90.0
4,391,1114.0,10.0
4,392,374.0,70.0
4,393,924.0,60.0
4,394,448.0,0.0
4,395,965.0,5.0
4,396,1456.0,80.0
4,397,1429.0,5.0
4,398,1276.0,60.0
4,399,1712.0,80.0
4,400,1541.0,5.0
4,401,817.0,1.0
4,402,1128.0,40.0
4,403,884.0,20.0
4,404,1946.0,90.0
4,405,1972.0,100.0
4,406,448.0,0.0
4,407,1094.0,70.0
4,408,730.0,90.0
4,409,1426.0,50.0
4,410,1930.0,10.0
4,411,346.0,90.0
4,412,360.0,40.0
4,413,1493.0,5.0
4,414,1820.0,60.0
4,415,1300.0,20.0
4,416,1458.0,50.0
4,417,1224.0,40.0
4,418,634.0,90.0
4,419,1284.0,100.0
4,420,293.0,5.0
4,421,1404.0,60.0
4,422,1950.0,30.0
4,423,864.0,0.0
4,424,1820.0,60.0
4,425,805.0,5.0
4,426,1712.0,80.0
4,427,965.0,5.0
4,428,1810.0,50.0
4,429,1284.0,100.0
4,430,1530.0,90.0
4,431,2404.0,100.0
4,432,890.0,90.0
4,433,1633.0,1.0
4,434,488.0,40.0
4,435,2036.0,20.0
4,436,384.0,0.0
4,437,1010.0,50.0
4,438,581.0,5.0
4,439,612.0,100.0
4,440,2020.0,100.0
4,441,673.0,1.0
4,442,298.0,10.0
4,443,942.0,30.0
4,444,1306.0,90.0
4,445,1665.0,1.0
4,446,468.0,20.0
4,447,1460.0,20.0
4,448,1170.0,50.0
4,449,1130.0,10.0
4,450,1265.0,1.0
4,451,1040.0,80.0
4,452,338.0,50.0
4,453,1562.0,90.0
4,454,1968.0,80.0
4,455,1522.0,50.0
4,456,1364.0,100.0
4,457,864.0,0.0
4,458,1136.0,80.0
4,459,948.0,20.0
4,460,528.0,80.0
4,461,334.0,30.0
4,462,1020.0,60.0
4,463,478.0,30.0
4,464,1057.0,1.0
4,465,646.0,70.0
4,466,1626.0,10.0
4,467,1436.0,60.0
4,468,1162.0,10.0
4,469,1438.0,30.0
4,470,1132.0,60.0
4,471,378.0,90.0
4,472,1404.0,60.0
4,473,1569.0,1.0
4,474,1457.0,1.0
4,475,1284.0,100.0
4,476,1816.0,40.0
4,477,256.0,0.0
4,478,2640.0,0.0
4,479,1236.0,20.0
4,480,1345.0,1.0
4,481,1024.0,0.0
4,482,1770.0,10.0
4,483,517.0,5.0
4,484,378.0,90.0
4,485,1638.0,70.0
4,486,2076.0,60.0
4,487,660.0,20.0
4,488,282.0,90.0
4,489,424.0,40.0
4,490,2118.0,70.0
4,491,2001.0,1.0
4,492,1681.0,1.0
4,493,850.0,50.0
4,494,1108.0,20.0
4,495,910.0,30.0
4,496,788.0,20.0
4,497,1349.0,5.0
4,498,769.0,1.0
4,499,656.0,80.0
4,500,1298.0,50.0
4,501,1428.0,20.0
4,502,1505.0,1.0
4,503,1962.0,10.0
4,504,1152.0,80.0
4,505,1060.0,100.0
4,506,901.0,5.0
4,507,320.0,0.0
4,508,266.0,10.0
4,509,1482.0,10.0
4,510,1270.0,70.0
4,511,1768.0,40.0
4,512,901.0,5.0
4,513,449.0,1.0
4,514,2278.0,70.0
4,515,2142.0,30.0
4,516,596.0,20.0
4,517,690.0,50.0
4,518,1650.0,50.0
4,519,709.0,5.0
4,520,552.0,40.0
4,521,1118.0,30.0
4,522,1436.0,60.0
4,523,420.0,100.0
4,524,354.0,50.0
4,525,826.0,90.0
4,526,1056.0,0.0
4,527,964.0,100.0
4,528,830.0,30.0
4,529,1444.0,20.0
4,530,646.0,70.0
4,531,1648.0,80.0
4,532,1296.0,80.0
4,533,746.0,10.0
4,534,670.0,30.0
4,535,788.0,20.0
4,536,916.0,20.0
4,537,1674.0,10.0
4,538,656.0,80.0
4,539,1438.0,30.0
4,540,1060.0,100.0
4,541,1024.0,0.0
4,542,1856.0,80.0
4,543,261.0,5.0
4,544,1652.0,20.0
4,545,896.0,0.0
4,546,1232.0,80.0
4,547,1820.0,60.0
4,548,562.0,50.0
4,549,1874.0,50.0
4,550,924.0,60.0
4,551,1904.0,80.0
4,552,1898.0,10.0
4,553,1386.0,90.0
4,554,769.0,1.0
4,555,1844.0,20.0
4,556,2118.0,70.0
4,557,998.0,70.0
4,558,2256.0,80.0
4,559,1642.0,90.0
4,560,934.0,70.0
4,561,298.0,10.0
4,562,1546.0,10.0
4,563,912.0,0.0
4,564,869.0,5.0
4,565,1700.0,100.0
4,566,676.0,100.0
4,567,916.0,100.0
4,568,1194.0,10.0
4,569,772.0,100.0
4,570,1025.0,1.0
4,571,960.0,0.0
4,572,1024.0,0.0
4,573,1802.0,10.0
4,574,656.0,80.0
4,575,901.0,5.0
4,576,1314.0,50.0
4,577,1301.0,5.0
4,578,1414.0,70.0
4,579,1874.0,50.0
4,580,690.0,50.0
4,581,1298.0,50.0
4,582,596.0,20.0
4,583,1876.0,20.0
4,584,1541.0,5.0
4,585,336.0,80.0
4,586,1488.0,80.0
4,587,592.0,80.0
4,588,838.0,70.0
4,589,388.0,100.0
4,590,732.0,60.0
4,591,1892.0,20.0
4,592,1349.0,5.0
4,593,596.0,20.0
4,594,1950.0,30.0
4,595,1444.0,20.0
4,596,476.0,60.0
4,597,1222.0,70.0
4,598,1226.0,10.0
4,599,338.0,50.0
4,600,389.0,5.0
4,601,1088.0,0.0
4,602,944.0,80.0
4,603,1268.0,100.0
4,604,1298.0,50.0
4,605,666.0,90.0
4,606,1780.0,20.0
4,607,954.0,90.0
4,608,828.0,60.0
4,609,1520.0,80.0
4,610,1153.0,1.0
4,611,1642.0,90.0
4,612,702.0,30.0
4,613,740.0,100.0
4,614,606.0,30.0
4,615,616.0,40.0
4,616,324.0,100.0
4,617,1000.0,40.0
4,618,1470.0,30.0
4,619,1788.0,60.0
4,620,798.0,30.0
4,621,1012.0,20.0
4,622,1330.0,50.0
4,623,1980.0,60.0
4,624,326.0,70.0
4,625,292.0,100.0
4,626,582.0,70.0
4,627,1454.0,30.0
4,628,562.0,50.0
4,629,321.0,1.0
4,630,1076.0,100.0
4,631,1310.0,30.0
4,632,1536.0,0.0
4,633,720.0,80.0
4,634,966.0,70.0
4,635,868.0,100.0
4,636,385.0,1.0
4,637,1534.0,30.0
4,638,528.0,80.0
4,639,1790.0,30.0
4,640,348.0,60.0
4,641,2074.0,90.0
4,642,700.0,60.0
4,643,485.0,5.0
4,644,1505.0,1.0
4,645,1002.0,10.0
4,646,1150.0,30.0
4,647,1104.0,0.0
4,648,1472.0,0.0
4,649,1093.0,5.0
4,650,640.0,0.0
4,651,1093.0,5.0
4,652,1189.0,5.0
4,653,970.0,10.0
4,654,1268.0,100.0
4,655,257.0,1.0
4,656,788.0,20.0
4,657,966.0,70.0
4,658,1318.0,70.0
4,659,641.0,1.0
4,660,356.0,100.0
4,661,2324.0,20.0
4,662,1672.0,40.0
4,663,1160.0,40.0
4,664,572.0,60.0
4,665,656.0,80.0
4,666,360.0,40.0
4,667,2544.0,0.0
4,668,616.0,40.0
4,669,348.0,60.0
4,670,869.0,5.0
4,671,1120.0,0.0
4,672,1098.0,10.0
4,673,304.0,0.0
4,674,577.0,1.0
4,675,374.0,70.0
4,676,680.0,40.0
4,677,453.0,5.0
4,678,966.0,70.0
4,679,606.0,30.0
4,680,772.0,100.0
4,681,1002.0,90.0
4,682,2097.0,1.0
4,683,282.0,90.0
4,684,904.0,40.0
4,685,1328.0,80.0
4,686,2210.0,50.0
4,687,1818.0,90.0
4,688,736.0,0.0
4,689,284.0,60.0
4,690,1006.0,30.0
4,691,1626.0,90.0
4,692,1637.0,5.0
4,693,1662.0,30.0
4,694,1842.0,50.0
4,695,970.0,10.0
4,696,1542.0,70.0
4,697,1526.0,70.0
4,698,394.0,90.0
4,699,874.0,10.0
4,700,1428.0,20.0
4,701,1724.0,60.0
4,702,1468.0,60.0
4,703,2200.0,40.0
4,704,1568.0,80.0
4,705,798.0,30.0
4,706,736.0,0.0
4,707,293.0,5.0
4,708,1764.0,20.0
4,709,762.0,90.0
4,710,1248.0,0.0
4,711,1368.0,40.0
4,712,1066.0,10.0
4,713,570.0,90.0
4,714,305.0,1.0
4,715,532.0,20.0
4,716,677.0,5.0
4,717,1560.0,40.0
4,718,1542.0,70.0
4,719,1644.0,60.0
4,720,788.0,20.0
4,721,1700.0,100.0
4,722,832.0,0.0
4,723,1536.0,0.0
4,724,990.0,30.0
4,725,1116.0,60.0
4,726,1636.0,100.0
4,727,980.0,20.0
4,728,906.0,10.0
4,729,1530.0,90.0
4,730,1720.0,40.0
4,731,256.0,0.0
4,732,1013.0,5.0
4,733,326.0,70.0
4,734,788.0,20.0
4,735,990.0,30.0
4,736,626.0,50.0
4,737,256.0,0.0
4,738,1700.0,100.0
4,739,229.0,5.0
4,740,924.0,60.0
4,741,2182.0,70.0
4,742,2426.0,90.0
4,743,1414.0,70.0
4,744,2200.0,40.0
4,745,1125.0,5.0
4,746,672.0,0.0
4,747,2356.0,20.0
4,748,348.0,60.0
4,749,1173.0,5.0
4,750,2624.0,80.0
4,751,672.0,0.0
4,752,468.0,20.0
4,753,1128.0,40.0
4,754,666.0,90.0
4,755,676.0,100.0
4,756,912.0,0.0
4,757,1362.0,50.0
4,758,924.0,60.0
4,759,1194.0,10.0
4,760,913.0,1.0
4,761,1504.0,80.0
4,762,1333.0,5.0
4,763,449.0,1.0
4,764,389.0,5.0
4,765,1002.0,90.0
4,766,934.0,70.0
4,767,1456.0,80.0
4,768,646.0,70.0
4,769,1240.0,40.0
4,770,1556.0,20.0
4,771,602.0,90.0
4,772,1168.0,80.0
4,773,286.0,30.0
4,774,1652.0,20.0
4,775,894.0,30.0
4,776,1118.0,30.0
4,777,1278.0,30.0
4,778,1396.0,100.0
4,779,592.0,80.0
4,780,934.0,70.0
4,781,2144.0,0.0
4,782,404.0,100.0
4,783,1532.0,60.0
4,784,1904.0,80.0
4,785,724.0,20.0
4,786,942.0,30.0
4,787,420.0,100.0
4,788,2016.0,0.0
4,789,672.0,0.0
4,790,596.0,20.0
4,791,1670.0,70.0
4,792,321.0,1.0
4,793,900.0,20.0
4,794,626.0,50.0
4,795,708.0,100.0
4,796,1153.0,1.0
4,797,682.0,10.0
4,798,1477.0,5.0
4,799,1564.0,60.0
4,800,1354.0,10.0
4,801,2117.0,5.0
4,802,1098.0,10.0
4,803,1446.0,70.0
4,804,554.0,10.0
4,805,1540.0,100.0
4,806,1360.0,80.0
4,807,720.0,80.0
4,808,1320.0,40.0
4,809,1473.0,1.0
4,810,388.0,100.0
4,811,1936.0,80.0
4,812,936.0,40.0
4,813,1834.0,10.0
4,814,980.0,20.0
4,815,1140.0,20.0
4,816,778.0,10.0
4,817,722.0,50.0
4,818,1380.0,100.0
4,819,296.0,40.0
4,820,1172.0,100.0
4,821,582.0,70.0
4,822,1244.0,60.0
4,823,1152.0,0.0
4,824,1760.0,80.0
4,825,2164.0,100.0
4,826,1153.0,1.0
4,827,1030.0,70.0
4,828,552.0,40.0
4,829,964.0,100.0
4,830,890.0,90.0
4,831,1664.0,0.0
4,832,1416.0,40.0
4,833,1826.0,50.0
4,834,692.0,20.0
4,835,1266.0,50.0
4,836,522.0,10.0
4,837,1428.0,20.0
4,838,1749.0,5.0
4,839,680.0,40.0
4,840,1258.0,10.0
4,841,868.0,100.0
4,842,914.0,50.0
4,843,1921.0,1.0
4,844,596.0,20.0
4,845,1300.0,100.0
4,846,2282.0,10.0
4,847,1758.0,30.0
4,848,1618.0,50.0
4,849,1738.0,10.0
4,850,1012.0,100.0
4,851,952.0,40.0
4,852,612.0,100.0
4,853,1572.0,20.0
4,854,978.0,50.0
4,855,444.0,60.0
4,856,1370.0,90.0
4,857,904.0,40.0
4,858,2484.0,100.0
4,859,914.0,50.0
4,860,338.0,50.0
4,861,1564.0,60.0
4,862,732.0,60.0
4,863,542.0,30.0
4,864,257.0,1.0
4,865,1445.0,5.0
4,866,1630.0,30.0
4,867,1790.0,30.0
4,868,874.0,10.0
4,869,1694.0,30.0
4,870,581.0,5.0
4,871,1188.0,100.0
4,872,1726.0,30.0
4,873,1536.0,0.0
4,874,1148.0,60.0
4,875,737.0,1.0
4,876,742.0,70.0
4,877,1416.0,40.0
4,878,2322.0,50.0
4,879,1678.0,30.0
4,880,1384.0,40.0
4,881,1416.0,40.0
4,882,1102.0,30.0
4,883,1114.0,90.0
4,884,453.0,5.0
4,885,2068.0,20.0
4,886,1056.0,0.0
4,887,744.0,40.0
4,888,276.0,20.0
4,889,1636.0,100.0
4,890,316.0,60.0
4,891,1808.0,80.0
4,892,316.0,60.0
4,893,1148.0,60.0
4,894,1093.0,5.0
4,895,1152.0,0.0
4,896,1044.0,20.0
4,897,1356.0,60.0
4,898,1810.0,50.0
4,899,1680.0,80.0
4,900,1680.0,0.0
4,901,1374.0,30.0
4,902,1170.0,50.0
4,903,833.0,1.0
4,904,1134.0,30.0
4,905,1633.0,1.0
4,906,1464.0,40.0
4,907,1185.0,1.0
4,908,1412.0,100.0
4,909,1202.0,50.0
4,910,2037.0,5.0
4,911,1056.0,0.0
4,912,810.0,10.0
4,913,289.0,1.0
4,914,1728.0,80.0
4,915,1288.0,40.0
4,916,1148.0,60.0
4,917,1554.0,50.0
4,918,324.0,20.0
4,919,192.0,0.0
4,920,894.0,30.0
4,921,832.0,80.0
4,922,868.0,100.0
4,923,1180.0,60.0
4,924,1562.0,90.0
4,925,1093.0,5.0
4,926,658.0,50.0
4,927,624.0,80.0
4,928,358.0,70.0
4,929,364.0,60.0
4,930,1472.0,80.0
4,931,961.0,1.0
4,932,1140.0,20.0
4,933,890.0,90.0
4,934,2374.0,70.0
4,935,1200.0,80.0
4,936,1328.0,80.0
4,937,2469.0,5.0
4,938,1076.0,20.0
4,939,222.0,30.0
4,940,901.0,5.0
4,941,581.0,5.0
4,942,1280.0,0.0
4,943,1930.0,10.0
4,944,1318.0,70.0
4,945,1504.0,0.0
4,946,1384.0,40.0
4,947,1986.0,50.0
4,948,2020.0,100.0
4,949,772.0,100.0
4,950,612.0,100.0
4,951,2450.0,50.0
4,952,532.0,20.0
4,953,586.0,10.0
4,954,990.0,30.0
4,955,320.0,0.0
4,956,1266.0,50.0
4,957,872.0,40.0
4,958,2362.0,10.0
4,959,1916.0,60.0
4,960,1854.0,30.0
4,961,1884.0,60.0
4,962,1196.0,60.0
4,963,1057.0,1.0
4,964,636.0,60.0
4,965,746.0,10.0
4,966,1520.0,80.0
4,967,1226.0,10.0
4,968,840.0,40.0
4,969,796.0,60.0
4,970,732.0,60.0
4,971,801.0,1.0
4,972,2244.0,20.0
4,973,2738.0,50.0
4,974,1538.0,50.0
4,975,1050.0,90.0
4,976,1056.0,0.0
4,977,810.0,10.0
4,978,1468.0,60.0
4,979,2138.0,10.0
4,980,449.0,1.0
4,981,641.0,1.0
4,982,1536.0,0.0
4,983,293.0,5.0
4,984,1394.0,50.0
4,985,1172.0,20.0
4,986,920.0,40.0
4,987,1178.0,90.0
4,988,1044.0,20.0
4,989,1318.0,70.0
4,990,645.0,5.0
4,991,2592.0,0.0
4,992,606.0,30.0
4,993,390.0,70.0
4,994,850.0,50.0
4,995,852.0,20.0
4,996,384.0,0.0
4,997,1733.0,5.0
4,998,584.0,40.0
4,999,309.0,5.0
4,1000,1098.0,90.0
4,1001,901.0,5.0
4,1002,1766.0,70.0
4,1003,1488.0,80.0
4,1004,1784.0,40.0
4,1005,1244.0,60.0
4,1006,1546.0,90.0
4,1007,1200.0,0.0
4,1008,1825.0,1.0
4,1009,990.0,30.0
4,1010,424.0,40.0
4,1011,596.0,20.0
4,1012,1040.0,80.0
4,1013,602.0,90.0
4,1014,2410.0,10.0
4,1015,1840.0,80.0
4,1016,1460.0,20.0
4,1017,2006.0,70.0
4,1018,1616.0,80.0
4,1019,609.0,1.0
4,1020,1586.0,50.0
4,1021,306.0,50.0
4,1022,769.0,1.0
4,1023,1185.0,1.0
4,1024,232.0,40.0
4,1025,1076.0,20.0
4,1026,773.0,5.0
4,1027,324.0,100.0
4,1028,1290.0,10.0
4,1029,2416.0,80.0
4,1030,1192.0,40.0
4,1031,1812.0,20.0
4,1032,1020.0,60.0
4,1033,868.0,100.0
4,1034,808.0,40.0
4,1035,1825.0,1.0
4,1036,384.0,0.0
4,1037,298.0,10.0
4,1038,616.0,40.0
4,1039,666.0,90.0
4,1040,1120.0,0.0
4,1041,1525.0,5.0
4,1042,1540.0,100.0
4,1043,1157.0,5.0
4,1044,640.0,0.0
4,1045,256.0,0.0
4,1046,608.0,0.0
4,1047,838.0,70.0
4,1048,1502.0,30.0
4,1049,1050.0,90.0
4,1050,1402.0,90.0
4,1051,650.0,10.0
4,1052,837.0,5.0
4,1053,2504.0,40.0
4,1054,1568.0,0.0
4,1055,1298.0,50.0
4,1056,1456.0,80.0
4,1057,710.0,70.0
4,1058,1680.0,80.0
4,1059,308.0,20.0
4,1060,321.0,1.0
4,1061,1050.0,90.0
4,1062,1898.0,10.0
4,1063,1093.0,5.0
4,1064,922.0,90.0
4,1065,976.0,80.0
4,1066,314.0,90.0
4,1067,296.0,40.0
4,1068,1894.0,70.0
4,1069,818.0,50.0
4,1070,988.0,60.0
4,1071,488.0,40.0
4,1072,885.0,5.0
4,1073,540.0,60.0
4,1074,1594.0,90.0
4,1075,1276.0,60.0
4,1076,596.0,20.0
4,1077,1414.0,70.0
4,1078,338.0,50.0
4,1079,698.0,90.0
4,1080,1394.0,50.0
4,1081,862.0,30.0
4,1082,932.0,100.0
4,1083,522.0,10.0
4,1084,1274.0,90.0
4,1085,1082.0,90.0
4,1086,1972.0,100.0
4,1087,868.0,100.0
4,1088,730.0,90.0
4,1089,778.0,10.0
4,1090,1088.0,0.0
4,1091,1696.0,0.0
4,1092,1540.0,100.0
4,1093,1554.0,50.0
4,1094,1158.0,70.0
4,1095,1540.0,100.0
4,1096,252.0,60.0
4,1097,1780.0,20.0
4,1098,1554.0,50.0
4,1099,458.0,10.0
4,1100,293.0,5.0
4,1101,1349.0,5.0
4,1102,2642.0,50.0
4,1103,1600.0,0.0
4,1104,1264.0,80.0
4,1105,546.0,50.0
4,1106,658.0,50.0
4,1107,336.0,80.0
4,1108,828.0,60.0
4,1109,324.0,20.0
4,1110,1664.0,0.0
4,1111,828.0,60.0
4,1112,192.0,0.0
4,1113,1242.0,90.0
4,1114,800.0,0.0
4,1115,261.0,5.0
4,1116,1418.0,10.0
4,1117,1320.0,40.0
4,1118,788.0,20.0
4,1119,1224.0,40.0
4,1120,1618.0,50.0
4,1121,1578.0,90.0
4,1122,1884.0,60.0
4,1123,1536.0,0.0
4,1124,1828.0,100.0
4,1125,928.0,0.0
4,1126,192.0,0.0
4,1127,356.0,100.0
4,1128,293.0,5.0
4,1129,305.0,1.0
4,1130,1540.0,100.0
4,1131,1093.0,5.0
4,1132,1298.0,50.0
4,1133,626.0,50.0
4,1134,1114.0,90.0
4,1135,1050.0,90.0
4,1136,197.0,5.0
4,1137,996.0,100.0
4,1138,626.0,50.0
4,1139,712.0,40.0
4,1140,1434.0,90.0
4,1141,1542.0,70.0
4,1142,1044.0,20.0
4,1143,837.0,5.0
4,1144,1937.0,1.0
4,1145,818.0,50.0
4,1146,336.0,80.0
4,1147,1620.0,20.0
4,1148,810.0,10.0
4,1149,1178.0,90.0
4,1150,1380.0,100.0
4,1151,2536.0,40.0
4,1152,1381.0,5.0
4,1153,2102.0,70.0
4,1154,2324.0,20.0
4,1155,1669.0,5.0
4,1156,508.0,60.0
4,1157,828.0,60.0
4,1158,1738.0,10.0
4,1159,1222.0,70.0
4,1160,1352.0,40.0
4,1161,1500.0,60.0
4,1162,1958.0,70.0
4,1163,914.0,50.0
4,1164,513.0,1.0
4,1165,1457.0,1.0
4,1166,1204.0,20.0
4,1167,2836.0,100.0
4,1168,1546.0,10.0
4,1169,702.0,30.0
4,1170,868.0,100.0
4,1171,1573.0,5.0
4,1172,786.0,50.0
4,1173,1438.0,30.0
4,1174,1892.0,100.0
4,1175,197.0,5.0
4,1176,602.0,90.0
4,1177,602.0,90.0
4,1178,512.0,0.0
4,1179,384.0,80.0
4,1180,838.0,70.0
4,1181,1242.0,90.0
4,1182,1222.0,70.0
4,1183,256.0,0.0
4,1184,2112.0,80.0
4,1185,1569.0,1.0
4,1186,542.0,30.0
4,1187,1554.0,50.0
4,1188,424.0,40.0
4,1189,924.0,60.0
4,1190,1458.0,50.0
4,1191,881.0,1.0
4,1192,1601.0,1.0
4,1193,762.0,90.0
4,1194,384.0,80.0
4,1195,1498.0,10.0
4,1196,942.0,30.0
4,1197,1094.0,70.0
4,1198,1104.0,80.0
4,1199,1360.0,80.0
4,1200,990.0,30.0
4,1201,2544.0,80.0
4,1202,592.0,80.0
4,1203,289.0,1.0
4,1204,616.0,40.0
4,1205,390.0,70.0
4,1206,1316.0,100.0
4,1207,1637.0,5.0
4,1208,1178.0,10.0
4,1209,542.0,30.0
4,1210,740.0,100.0
4,1211,552.0,40.0
4,1212,257.0,1.0
4,1213,626.0,50.0
4,1214,404.0,100.0
4,1215,1222.0,70.0
4,1216,1000.0,40.0
4,1217,1370.0,90.0
4,1218,1618.0,50.0
4,1219,1088.0,0.0
4,1220,518.0,70.0
4,1221,1192.0,40.0
4,1222,1344.0,80.0
4,1223,948.0,20.0
4,1224,1404.0,60.0
4,1225,1042.0,50.0
4,1226,1106.0,50.0
4,1227,1518.0,30.0
4,1228,1253.0,5.0
4,1229,1292.0,60.0
4,1230,916.0,100.0
4,1231,622.0,30.0
4,1232,1345.0,1.0
4,1233,2000.0,80.0
4,1234,2068.0,20.0
4,1235,606.0,30.0
4,1236,1492.0,20.0
4,1237,1616.0,80.0
4,1238,612.0,100.0
4,1239,380.0,60.0
4,1240,1832.0,40.0
4,1241,1312.0,80.0
4,1242,626.0,50.0
4,1243,932.0,20.0
4,1244,2490.0,90.0
4,1245,576.0,0.0
4,1246,612.0,100.0
4,1247,612.0,100.0
4,1248,958.0,30.0
4,1249,646.0,70.0
4,1250,1733.0,5.0
4,1251,826.0,10.0
4,1252,616.0,40.0
4,1253,1089.0,1.0
4,1254,305.0,1.0
4,1255,894.0,30.0
4,1256,1264.0,80.0
4,1257,892.0,60.0
4,1258,1466.0,90.0
4,1259,996.0,100.0
4,1260,384.0,80.0
4,1261,2588.0,60.0
4,1262,858.0,90.0
4,1263,1758.0,30.0
4,1264,833.0,1.0
4,1265,952.0,40.0
4,1266,914.0,50.0
4,1267,700.0,60.0
4,1268,1832.0,40.0
4,1269,990.0,30.0
4,1270,334.0,30.0
4,1271,946.0,50.0
4,1272,1600.0,0.0
4,1273,276.0,20.0
4,1274,914.0,50.0
4,1275,864.0,0.0
4,1276,2036.0,20.0
4,1277,2741.0,5.0
4,1278,2170.0,90.0
4,1279,388.0,100.0
4,1280,1566.0,30.0
4,1281,358.0,70.0
4,1282,1204.0,20.0
4,1283,340.0,20.0
4,1284,1456.0,80.0
4,1285,576.0,0.0
4,1286,2164.0,20.0
4,1287,2182.0,70.0
4,1288,530.0,50.0
4,1289,1664.0,0.0
4,1290,577.0,1.0
4,1291,1286.0,70.0
4,1292,816.0,80.0
4,1293,1733.0,5.0
4,1294,934.0,70.0
4,1295,865.0,1.0
4,1296,257.0,1.0
4,1297,1772.0,60.0
4,1298,1222.0,70.0
4,1299,308.0,20.0
4,1300,1264.0,80.0
4,1301,1028.0,20.0
4,1302,2052.0,100.0
4,1303,1480.0,40.0
4,1304,914.0,50.0
4,1305,1594.0,90.0
4,1306,862.0,30.0
4,1307,324.0,100.0
4,1308,517.0,5.0
4,1309,453.0,5.0
4,1310,562.0,50.0
4,1311,852.0,20.0
4,1312,1074.0,50.0
4,1313,1904.0,80.0
4,1314,869.0,5.0
4,1315,758.0,70.0
4,1316,1106.0,50.0
4,1317,626.0,50.0
4,1318,1992.0,40.0
4,1319,596.0,20.0
4,1320,1894.0,70.0
4,1321,1586.0,50.0
4,1322,414.0,30.0
4,1323,586.0,10.0
4,1324,773.0,5.0
4,1325,1684.0,20.0
4,1326,484.0,100.0
4,1327,1217.0,1.0
4,1328,624.0,80.0
4,1329,1664.0,0.0
4,1330,1184.0,0.0
4,1331,1797.0,5.0
4,1332,1268.0,20.0
4,1333,1768.0,40.0
4,1334,394.0,10.0
4,1335,1184.0,0.0
4,1336,1424.0,80.0
4,1337,581.0,5.0
4,1338,1530.0,90.0
4,1339,1178.0,10.0
4,1340,2160.0,80.0
4,1341,972.0,60.0
4,1342,374.0,70.0
4,1343,2152.0,40.0
4,1344,2006.0,70.0
4,1345,1472.0,0.0
4,1346,1022.0,30.0
4,1347,986.0,10.0
4,1348,1256.0,40.0
4,1349,293.0,5.0
4,1350,800.0,0.0
4,1351,769.0,1.0
4,1352,1298.0,50.0
4,1353,1658.0,90.0
4,1354,340.0,20.0
4,1355,384.0,80.0
4,1356,2084.0,20.0
4,1357,1208.0,40.0
4,1358,488.0,40.0
4,1359,1744.0,80.0
4,1360,256.0,0.0
4,1361,356.0,100.0
4,1362,2074.0,90.0
4,1363,257.0,1.0
4,1364,1281.0,1.0
4,1365,1308.0,60.0
4,1366,1424.0,0.0
4,1367,866.0,50.0
4,1368,1620.0,20.0
4,1369,1204.0,20.0
4,1370,1030.0,70.0
4,1371,1842.0,50.0
4,1372,980.0,20.0
4,1373,702.0,30.0
4,1374,1840.0,80.0
4,1375,1074.0,50.0
4,1376,1280.0,0.0
4,1377,1861.0,5.0
4,1378,1232.0,80.0
4,1379,982.0,70.0
4,1380,869.0,5.0
4,1381,1248.0,80.0
4,1382,390.0,70.0
4,1383,330.0,10.0
4,1384,1168.0,80.0
4,1385,2910.0,30.0
4,1386,1490.0,50.0
4,1387,2192.0,80.0
4,1388,788.0,20.0
4,1389,769.0,1.0
4,1390,964.0,100.0
4,1391,1616.0,80.0
4,1392,792.0,40.0
4,1393,325.0,5.0
4,1394,286.0,30.0
4,1395,340.0,20.0
4,1396,1281.0,1.0
4,1397,354.0,50.0
4,1398,1857.0,1.0
4,1399,634.0,90.0
4,1400,1952.0,0.0
4,1401,388.0,100.0
4,1402,922.0,90.0
4,1403,1630.0,30.0
4,1404,848.0,80.0
4,1405,2176.0,0.0
4,1406,242.0,50.0
4,1407,1396.0,20.0
4,1408,358.0,70.0
4,1409,862.0,30.0
4,1410,1745.0,1.0
4,1411,801.0,1.0
4,1412,884.0,20.0
4,1413,1566.0,30.0
4,1414,2196.0,20.0
4,1415,1094.0,70.0
4,1416,1344.0,0.0
4,1417,1084.0,60.0
4,1418,710.0,70.0
4,1419,906.0,10.0
4,1420,1121.0,1.0
4,1421,912.0,0.0
4,1422,1034.0,10.0
4,1423,308.0,20.0
4,1424,2208.0,80.0
4,1425,2256.0,80.0
4,1426,284.0,60.0
4,1427,1829.0,5.0
4,1428,1882.0,90.0
4,1429,1072.0,80.0
4,1430,1000.0,40.0
4,1431,400.0,80.0
4,1432,1238.0,70.0
4,1433,1169.0,1.0
4,1434,320.0,0.0
4,1435,1322.0,90.0
4,1436,1228.0,60.0
4,1437,1238.0,70.0
4,1438,904.0,40.0
4,1439,656.0,80.0
4,1440,1520.0,80.0
4,1441,1472.0,80.0
4,1442,1884.0,60.0
4,1443,2490.0,90.0
4,1444,1404.0,60.0
4,1445,700.0,60.0
4,1446,801.0,1.0
4,1447,548.0,100.0
4,1448,2308.0,20.0
4,1449,1850.0,10.0
4,1450,414.0,30.0
4,1451,2140.0,60.0
4,1452,1477.0,5.0
4,1453,1674.0,10.0
4,1454,1414.0,70.0
4,1455,1138.0,50.0
4,1456,1012.0,100.0
4,1457,1770.0,10.0
4,1458,1776.0,0.0
4,1459,1846.0,70.0
4,1460,1397.0,5.0
4,1461,1702.0,70.0
4,1462,1586.0,50.0
4,1463,1040.0,80.0
4,1464,2266.0,10.0
4,1465,577.0,1.0
4,1466,1818.0,90.0
4,1467,2026.0,10.0
4,1468,865.0,1.0
4,1469,1797.0,5.0
4,1470,1238.0,70.0
4,1471,2064.0,80.0
4,1472,1782.0,70.0
4,1473,1586.0,50.0
4,1474,1254.0,70.0
4,1475,276.0,20.0
4,1476,548.0,100.0
4,1477,2113.0,1.0
4,1478,870.0,70.0
4,1479,1025.0,1.0
4,1480,582.0,70.0
4,1481,1178.0,90.0
4,1482,1834.0,90.0
4,1483,577.0,1.0
4,1484,804.0,100.0
4,1485,1150.0,30.0
4,1486,2116.0,100.0
4,1487,1192.0,40.0
4,1488,852.0,20.0
4,1489,1468.0,60.0
4,1490,894.0,30.0
4,1491,358.0,70.0
4,1492,481.0,1.0
4,1493,865.0,1.0
4,1494,314.0,90.0
4,1495,820.0,20.0
4,1496,1616.0,80.0
4,1497,1381.0,5.0
4,1498,1940.0,20.0
4,1499,2404.0,100.0
4,1500,508.0,60.0
4,1501,1234.0,50.0
4,1502,490.0,10.0
4,1503,768.0,0.0
4,1504,274.0,50.0
4,1505,1530.0,90.0
4,1506,832.0,0.0
4,1507,1285.0,5.0
4,1508,980.0,20.0
4,1509,2440.0,40.0
4,1510,1288.0,40.0
4,1511,1128.0,40.0
4,1512,666.0,90.0
4,1513,1408.0,0.0
4,1514,1512.0,40.0
4,1515,1505.0,1.0
4,1516,1460.0,20.0
4,1517,1330.0,50.0
4,1518,880.0,0.0
4,1519,1600.0,0.0
4,1520,1136.0,80.0
4,1521,389.0,5.0
4,1522,1044.0,20.0
4,1523,358.0,70.0
4,1524,1002.0,90.0
4,1525,606.0,30.0
4,1526,368.0,80.0
4,1527,1084.0,60.0
4,1528,2092.0,60.0
4,1529,2016.0,0.0
4,1530,1534.0,30.0
4,1531,933.0,5.0
4,1532,517.0,5.0
4,1533,1074.0,50.0
4,1534,1348.0,100.0
4,1535,894.0,30.0
4,1536,586.0,10.0
4,1537,338.0,50.0
4,1538,1729.0,1.0
4,1539,986.0,90.0
4,1540,1025.0,1.0
4,1541,257.0,1.0
4,1542,340.0,20.0
4,1543,838.0,70.0
4,1544,512.0,0.0
4,1545,1434.0,90.0
4,1546,2042.0,90.0
4,1547,1626.0,90.0
4,1548,626.0,50.0
4,1549,1402.0,90.0
4,1550,722.0,50.0
4,1551,1153.0,1.0
4,1552,294.0,70.0
4,1553,818.0,50.0
4,1554,818.0,50.0
4,1555,424.0,40.0
4,1556,1530.0,90.0
4,1557,2006.0,70.0
4,1558,676.0,100.0
4,1559,458.0,10.0
4,1560,1554.0,50.0
4,1561,1832.0,40.0
4,1562,1020.0,60.0
4,1563,1464.0,40.0
4,1564,1178.0,90.0
4,1565,1682.0,50.0
4,1566,1160.0,40.0
4,1567,1028.0,100.0
4,1568,1178.0,90.0
4,1569,1249.0,1.0
4,1570,1173.0,5.0
4,1571,360.0,40.0
4,1572,833.0,1.0
4,1573,709.0,5.0
4,1574,1477.0,5.0
4,1575,1042.0,50.0
4,1576,852.0,20.0
4,1577,1062.0,70.0
4,1578,840.0,40.0
4,1579,848.0,80.0
4,1580,242.0,50.0
4,1581,913.0,1.0
4,1582,1364.0,100.0
4,1583,1153.0,1.0
4,1584,1862.0,70.0
4,1585,1797.0,5.0
4,1586,896.0,0.0
4,1587,454.0,70.0
4,1588,730.0,90.0
4,1589,1664.0,0.0
4,1590,848.0,80.0
4,1591,1994.0,10.0
4,1592,1340.0,60.0
4,1593,1441.0,1.0
4,1594,385.0,1.0
4,1595,864.0,0.0
4,1596,1224.0,40.0
4,1597,858.0,90.0
4,1598,1530.0,90.0
4,1599,1108.0,20.0
4,1600,864.0,0.0
4,1601,1300.0,20.0
4,1602,678.0,70.0
4,1603,988.0,60.0
4,1604,1156.0,100.0
4,1605,484.0,100.0
4,1606,1138.0,50.0
4,1607,1758.0,30.0
4,1608,1525.0,5.0
4,1609,1442.0,50.0
4,1610,1050.0,90.0
4,1611,1256.0,40.0
4,1612,896.0,0.0
4,1613,673.0,1.0
4,1614,2068.0,20.0
4,1615,1208.0,40.0
4,1616,924.0,60.0
4,1617,1662.0,30.0
4,1618,2464.0,80.0
4,1619,808.0,40.0
4,1620,378.0,90.0
4,1621,992.0,0.0
4,1622,1000.0,40.0
4,1623,1200.0,80.0
4,1624,698.0,90.0
4,1625,842.0,10.0
4,1626,852.0,20.0
4,1627,869.0,5.0
4,1628,1424.0,0.0
4,1629,308.0,20.0
4,1630,1825.0,1.0
4,1631,2154.0,10.0
4,1632,1370.0,90.0
4,1633,1844.0,100.0
4,1634,2165.0,5.0
4,1635,1066.0,10.0
4,1636,1864.0,40.0
4,1637,608.0,0.0
4,1638,980.0,20.0
4,1639,1637.0,5.0
4,1640,858.0,90.0
4,1641,1860.0,100.0
4,1642,252.0,60.0
4,1643,1020.0,60.0
4,1644,1349.0,5.0
4,1645,1128.0,40.0
4,1646,862.0,30.0
4,1647,2796.0,60.0
4,1648,1698.0,50.0
4,1649,1330.0,50.0
4,1650,2526.0,30.0
4,1651,1690.0,10.0
4,1652,484.0,100.0
4,1653,970.0,10.0
4,1654,1500.0,60.0
4,1655,864.0,0.0
4,1656,1012.0,100.0
4,1657,1284.0,20.0
4,1658,2097.0,1.0
4,1659,1924.0,100.0
4,1660,294.0,70.0
4,1661,904.0,40.0
4,1662,1586.0,50.0
4,1663,596.0,20.0
4,1664,532.0,20.0
4,1665,324.0,20.0
4,1666,1412.0,100.0
4,1667,961.0,1.0
4,1668,1020.0,60.0
4,1669,1772.0,60.0
4,1670,1008.0,80.0
4,1671,626.0,50.0
4,1672,602.0,90.0
4,1673,1952.0,80.0
4,1674,1236.0,20.0
4,1675,646.0,70.0
4,1676,490.0,10.0
4,1677,2148.0,20.0
4,1678,1818.0,90.0
4,1679,1300.0,20.0
4,1680,1050.0,90.0
4,1681,1128.0,40.0
4,1682,1118.0,30.0
4,1683,305.0,1.0
4,1684,1722.0,90.0
4,1685,1477.0,5.0
4,1686,1889.0,1.0
4,1687,690.0,50.0
4,1688,1536.0,80.0
4,1689,358.0,70.0
4,1690,1681.0,1.0
4,1691,1442.0,50.0
4,1692,646.0,70.0
4,1693,972.0,60.0
4,1694,1276.0,60.0
4,1695,309.0,5.0
4,1696,490.0,10.0
4,1697,1530.0,90.0
4,1698,1810.0,50.0
4,1699,522.0,10.0
4,1700,2012.0,60.0
4,1701,1089.0,1.0
4,1702,1668.0,100.0
4,1703,1970.0,50.0
4,1704,924.0,60.0
4,1705,1185.0,1.0
4,1706,666.0,90.0
4,1707,946.0,50.0
4,1708,688.0,0.0
4,1709,1404.0,60.0
4,1710,1556.0,20.0
4,1711,2080.0,80.0
4,1712,1724.0,60.0
4,1713,293.0,5.0
4,1714,1096.0,40.0
4,1715,668.0,60.0
4,1716,1780.0,100.0
4,1717,1444.0,100.0
4,1718,1810.0,50.0
4,1719,274.0,50.0
4,1720,1064.0,40.0
4,1721,444.0,60.0
4,1722,1814.0,70.0
4,1723,454.0,70.0
4,1724,320.0,0.0
4,1725,1232.0,80.0
4,1726,1313.0,1.0
4,1727,722.0,50.0
4,1728,838.0,70.0
4,1729,634.0,90.0
4,1730,1558.0,70.0
4,1731,1172.0,20.0
4,1732,672.0,0.0
4,1733,1248.0,0.0
4,1734,562.0,50.0
4,1735,1573.0,5.0
4,1736,1908.0,20.0
4,1737,1640.0,40.0
4,1738,1825.0,1.0
4,1739,1054.0,30.0
4,1740,1130.0,10.0
4,1741,1140.0,20.0
4,1742,576.0,0.0
4,1743,956.0,60.0
4,1744,296.0,40.0
4,1745,1024.0,0.0
4,1746,965.0,5.0
4,1747,773.0,5.0
4,1748,1441.0,1.0
4,1749,1194.0,10.0
4,1750,2096.0,80.0
4,1751,2148.0,20.0
4,1752,1094.0,70.0
4,1753,522.0,10.0
4,1754,2736.0,0.0
4,1755,1278.0,30.0
4,1756,858.0,90.0
4,1757,965.0,5.0
4,1758,1840.0,0.0
4,1759,582.0,70.0
4,1760,964.0,100.0
4,1761,1930.0,10.0
4,1762,562.0,50.0
4,1763,668.0,60.0
4,1764,1230.0,30.0
4,1765,1136.0,80.0
4,1766,1288.0,40.0
4,1767,1841.0,1.0
4,1768,1824.0,0.0
4,1769,946.0,50.0
4,1770,1864.0,40.0
4,1771,1308.0,60.0
4,1772,1636.0,100.0
4,1773,1946.0,90.0
4,1774,334.0,30.0
4,1775,481.0,1.0
4,1776,1125.0,5.0
4,1777,1854.0,30.0
4,1778,872.0,40.0
4,1779,1002.0,10.0
4,1780,2072.0,40.0
4,1781,1170.0,50.0
4,1782,1893.0,5.0
4,1783,350.0,30.0
4,1784,894.0,30.0
4,1785,348.0,60.0
4,1786,1578.0,90.0
4,1787,1094.0,70.0
4,1788,1089.0,1.0
4,1789,517.0,5.0
4,1790,1212.0,60.0
4,1791,1044.0,20.0
4,1792,1902.0,30.0
4,1793,740.0,100.0
4,1794,874.0,10.0
4,1795,1320.0,40.0
4,1796,1706.0,10.0
4,1797,646.0,70.0
4,1798,1330.0,50.0
4,1799,1344.0,80.0
4,1800,1150.0,30.0
4,1801,388.0,100.0
4,1802,1672.0,40.0
4,1803,1244.0,60.0
4,1804,1148.0,60.0
4,1805,742.0,70.0
4,1806,1824.0,0.0
4,1807,552.0,40.0
4,1808,848.0,80.0
4,1809,602.0,90.0
4,1810,1584.0,0.0
4,1811,1493.0,5.0
4,1812,752.0,80.0
4,1813,645.0,5.0
4,1814,1104.0,80.0
4,1815,276.0,20.0
4,1816,1256.0,40.0
4,1817,704.0,0.0
4,1818,798.0,30.0
4,1819,1456.0,80.0
4,1820,370.0,50.0
4,1821,2132.0,20.0
4,1822,965.0,5.0
4,1823,2192.0,80.0
4,1824,868.0,100.0
4,1825,1750.0,70.0
4,1826,1246.0,30.0
4,1827,641.0,1.0
4,1828,1537.0,1.0
4,1829,1680.0,0.0
4,1830,1224.0,40.0
4,1831,1734.0,70.0
4,1832,517.0,5.0
4,1833,318.0,30.0
4,1834,1308.0,60.0
4,1835,1281.0,1.0
4,1836,668.0,60.0
4,1837,929.0,1.0
4,1838,606.0,30.0
4,1839,1140.0,20.0
4,1840,480.0,0.0
4,1841,612.0,20.0
4,1842,576.0,0.0
4,1843,1989.0,5.0
4,1844,324.0,20.0
4,1845,1844.0,100.0
4,1846,769.0,1.0
4,1847,1094.0,70.0
4,1848,2230.0,70.0
4,1849,1536.0,0.0
4,1850,1626.0,90.0
4,1851,1380.0,100.0
4,1852,1836.0,60.0
4,1853,818.0,50.0
4,1854,522.0,10.0
4,1855,1460.0,20.0
4,1856,1496.0,40.0
4,1857,282.0,90.0
4,1858,864.0,0.0
4,1859,262.0,70.0
4,1860,1104.0,80.0
4,1861,517.0,5.0
4,1862,1700.0,100.0
4,1863,1030.0,70.0
4,1864,2180.0,20.0
4,1865,1189.0,5.0
4,1866,858.0,90.0
4,1867,1670.0,70.0
4,1868,1086.0,30.0
4,1869,1217.0,1.0
4,1870,2122.0,10.0
4,1871,1810.0,50.0
4,1872,560.0,80.0
4,1873,384.0,80.0
4,1874,2900.0,20.0
4,1875,1888.0,0.0
4,1876,474.0,90.0
4,1877,580.0,100.0
4,1878,913.0,1.0
4,1879,864.0,0.0
4,1880,1313.0,1.0
4,1881,309.0,5.0
4,1882,1284.0,100.0
4,1883,340.0,20.0
4,1884,1012.0,100.0
4,1885,1492.0,20.0
4,1886,2328.0,40.0
4,1887,1157.0,5.0
4,1888,1552.0,80.0
4,1889,1640.0,40.0
4,1890,837.0,5.0
4,1891,784.0,80.0
4,1892,2152.0,40.0
4,1893,682.0,10.0
4,1894,1472.0,0.0
4,1895,1040.0,80.0
4,1896,518.0,70.0
4,1897,1429.0,5.0
4,1898,852.0,20.0
4,1899,965.0,5.0
4,1900,820.0,20.0
4,1901,856.0,40.0
4,1902,609.0,1.0
4,1903,545.0,1.0
4,1904,1221.0,5.0
4,1905,596.0,20.0
4,1906,1185.0,1.0
4,1907,1477.0,5.0
4,1908,592.0,80.0
4,1909,1220.0,100.0
4,1910,276.0,20.0
4,1911,1300.0,20.0
4,1912,868.0,100.0
4,1913,538.0,10.0
4,1914,1918.0,30.0
4,1915,842.0,10.0
4,1916,572.0,60.0
4,1917,530.0,50.0
4,1918,1806.0,30.0
4,1919,612.0,100.0
4,1920,1024.0,0.0
4,1921,890.0,10.0
4,1922,1206.0,70.0
4,1923,670.0,30.0
4,1924,636.0,60.0
4,1925,1052.0,60.0
4,1926,754.0,50.0
4,1927,1386.0,10.0
4,1928,1125.0,5.0
4,1929,554.0,10.0
4,1930,864.0,0.0
4,1931,2076.0,60.0
4,1932,1616.0,80.0
4,1933,774.0,70.0
4,1934,962.0,50.0
4,1935,1266.0,50.0
4,1936,912.0,0.0
4,1937,2186.0,10.0
4,1938,1002.0,10.0
4,1939,1924.0,100.0
4,1940,1190.0,70.0
4,1941,264.0,40.0
4,1942,1532.0,60.0
4,1943,609.0,1.0
4,1944,650.0,10.0
4,1945,321.0,1.0
4,1946,810.0,10.0
4,1947,1178.0,10.0
4,1948,1072.0,80.0
4,1949,2010.0,90.0
4,1950,261.0,5.0
4,1951,828.0,60.0
4,1952,289.0,1.0
4,1953,1476.0,100.0
4,1954,1266.0,50.0
4,1955,1282.0,50.0
4,1956,1345.0,1.0
4,1957,1524.0,100.0
4,1958,1008.0,80.0
4,1959,320.0,0.0
4,1960,2182.0,70.0
4,1961,192.0,0.0
4,1962,865.0,1.0
4,1963,666.0,90.0
4,1964,1066.0,10.0
4,1965,862.0,30.0
4,1966,848.0,80.0
4,1967,1580.0,60.0
4,1968,616.0,40.0
4,1969,1557.0,5.0
4,1970,384.0,0.0
4,1971,404.0,100.0
4,1972,1302.0,70.0
4,1973,1505.0,1.0
4,1974,926.0,30.0
4,1975,1030.0,70.0
4,1976,420.0,100.0
4,1977,522.0,10.0
4,1978,1770.0,10.0
4,1979,1444.0,100.0
4,1980,650.0,10.0
4,1981,578.0,50.0
4,1982,961.0,1.0
4,1983,1502.0,30.0
4,1984,1424.0,80.0
4,1985,581.0,5.0
4,1986,1426.0,50.0
4,1987,990.0,30.0
4,1988,934.0,70.0
4,1989,880.0,80.0
4,1990,1674.0,10.0
4,1991,1562.0,90.0
4,1992,924.0,60.0
4,1993,256.0,0.0
4,1994,1404.0,60.0
4,1995,982.0,70.0
4,1996,613.0,5.0
4,1997,768.0,0.0
4,1998,520.0,40.0
4,1999,602.0,90.0
4,2000,1473.0,1.0
4,2001,676.0,100.0
4,2002,934.0,70.0
4,2003,1992.0,40.0
4,2004,330.0,10.0
4,2005,1950.0,30.0
4,2006,626.0,50.0
4,2007,1406.0,30.0
4,2008,1726.0,30.0
4,2009,193.0,1.0
4,2010,606.0,30.0
4,2011,306.0,50.0
4,2012,1088.0,0.0
4,2013,478.0,30.0
4,2014,1864.0,40.0
4,2015,1316.0,20.0
4,2016,1306.0,90.0
4,2017,1342.0,30.0
4,2018,688.0,80.0
4,2019,1744.0,80.0
4,2020,289.0,1.0
4,2021,1440.0,0.0
4,2022,261.0,5.0
4,2023,798.0,30.0
4,2024,522.0,10.0
4,2025,370.0,50.0
4,2026,1444.0,100.0
4,2027,1221.0,5.0
4,2028,1462.0,70.0
4,2029,1318.0,70.0
4,2030,293.0,5.0
4,2031,769.0,1.0
4,2032,650.0,90.0
4,2033,913.0,1.0
4,2034,586.0,10.0
4,2035,1584.0,0.0
4,2036,1530.0,90.0
4,2037,766.0,30.0
4,2038,1834.0,10.0
4,2039,1728.0,0.0
4,2040,1200.0,0.0
4,2041,1154.0,50.0
4,2042,912.0,0.0
4,2043,532.0,20.0
4,2044,581.0,5.0
4,2045,800.0,0.0
4,2046,1121.0,1.0
4,2047,864.0,0.0
4,2048,1168.0,80.0
4,2049,956.0,60.0
4,2050,1682.0,50.0
4,2051,942.0,30.0
4,2052,608.0,0.0
4,2053,2436.0,100.0
4,2054,1345.0,1.0
4,2055,468.0,20.0
4,2056,1648.0,80.0
4,2057,897.0,1.0
4,2058,1221.0,5.0
4,2059,1584.0,0.0
4,2060,865.0,1.0
4,2061,358.0,70.0
4,2062,862.0,30.0
4,2063,2049.0,1.0
4,2064,545.0,1.0
4,2065,1893.0,5.0
4,2066,938.0,10.0
4,2067,858.0,90.0
4,2068,1157.0,5.0
4,2069,1153.0,1.0
4,2070,1652.0,20.0
4,2071,1318.0,70.0
4,2072,1120.0,0.0
4,2073,286.0,30.0
4,2074,842.0,10.0
4,2075,700.0,60.0
4,2076,1544.0,40.0
4,2077,1054.0,30.0
4,2078,1372.0,60.0
4,2079,384.0,0.0
4,2080,1510.0,70.0
4,2081,1150.0,30.0
4,2082,2230.0,70.0
4,2083,852.0,100.0
4,2084,420.0,100.0
4,2085,1749.0,5.0
4,2086,1150.0,30.0
4,2087,645.0,5.0
4,2088,1360.0,80.0
4,2089,676.0,100.0
4,2090,914.0,50.0
4,2091,510.0,30.0
4,2092,474.0,90.0
4,2093,838.0,70.0
4,2094,690.0,50.0
4,2095,1152.0,0.0
4,2096,596.0,20.0
4,2097,1158.0,70.0
4,2098,798.0,30.0
4,2099,304.0,80.0
4,2100,1734.0,70.0
4,2101,1704.0,40.0
4,2102,800.0,0.0
4,2103,1118.0,30.0
4,2104,2048.0,80.0
4,2105,1093.0,5.0
4,2106,865.0,1.0
4,2107,650.0,10.0
4,2108,976.0,80.0
4,2109,1684.0,100.0
4,2110,1238.0,70.0
4,2111,1566.0,30.0
4,2112,2186.0,90.0
4,2113,926.0,30.0
4,2114,596.0,20.0
4,2115,742.0,70.0
4,2116,261.0,5.0
4,2117,384.0,0.0
4,2118,1138.0,50.0
4,2119,628.0,20.0
4,2120,1952.0,80.0
4,2121,964.0,100.0
4,2122,2114.0,50.0
4,2123,858.0,90.0
4,2124,896.0,0.0
4,2125,1044.0,20.0
4,2126,2074.0,10.0
4,2127,326.0,70.0
4,2128,1152.0,80.0
4,2129,1092.0,100.0
4,2130,2046.0,30.0
4,2131,1256.0,40.0
4,2132,1128.0,40.0
4,2133,592.0,80.0
4,2134,922.0,90.0
4,2135,368.0,80.0
4,2136,976.0,80.0
4,2137,1797.0,5.0
4,2138,1448.0,40.0
4,2139,848.0,80.0
4,2140,2037.0,5.0
4,2141,222.0,30.0
4,2142,884.0,20.0
4,2143,1198.0,30.0
4,2144,1418.0,10.0
4,2145,1266.0,50.0
4,2146,842.0,10.0
4,2147,830.0,30.0
4,2148,1916.0,60.0
4,2149,616.0,40.0
4,2150,257.0,1.0
4,2151,2517.0,5.0
4,2152,2208.0,0.0
4,2153,1140.0,20.0
4,2154,2422.0,70.0
4,2155,1628.0,60.0
4,2156,1266.0,50.0
4,2157,1462.0,70.0
4,2158,1492.0,100.0
4,2159,420.0,100.0
4,2160,1818.0,90.0
4,2161,1406.0,30.0
4,2162,577.0,1.0
4,2163,298.0,10.0
4,2164,1402.0,90.0
4,2165,1614.0,30.0
4,2166,1221.0,5.0
4,2167,1061.0,5.0
4,2168,468.0,20.0
4,2169,666.0,90.0
4,2170,602.0,90.0
4,2171,954.0,90.0
4,2172,672.0,80.0
4,2173,2384.0,0.0
4,2174,884.0,20.0
4,2175,1744.0,80.0
4,2176,1298.0,50.0
4,2177,1672.0,40.0
4,2178,1034.0,10.0
4,2179,306.0,50.0
4,2180,1084.0,60.0
4,2181,1594.0,90.0
4,2182,360.0,40.0
4,2183,1104.0,80.0
4,2184,192.0,0.0
4,2185,1524.0,20.0
4,2186,324.0,100.0
4,2187,488.0,40.0
4,2188,741.0,5.0
4,2189,1140.0,20.0
4,2190,346.0,90.0
4,2191,1554.0,50.0
4,2192,773.0,5.0
4,2193,609.0,1.0
4,2194,1376.0,80.0
4,2195,252.0,60.0
4,2196,970.0,10.0
4,2197,324.0,100.0
4,2198,532.0,20.0
4,2199,960.0,0.0
4,2200,902.0,70.0
4,2201,1089.0,1.0
4,2202,752.0,80.0
4,2203,518.0,70.0
4,2204,1313.0,1.0
4,2205,702.0,30.0
4,2206,508.0,60.0
4,2207,1288.0,40.0
4,2208,1108.0,20.0
4,2209,517.0,5.0
4,2210,1924.0,100.0
4,2211,1508.0,20.0
4,2212,961.0,1.0
4,2213,1094.0,70.0
4,2214,324.0,20.0
4,2215,1884.0,60.0
4,2216,1940.0,20.0
4,2217,1414.0,70.0
4,2218,1140.0,20.0
4,2219,672.0,0.0
4,2220,1844.0,20.0
4,2221,924.0,60.0
4,2222,1210.0,90.0
4,2223,596.0,20.0
4,2224,702.0,30.0
4,2225,1093.0,5.0
4,2226,1077.0,5.0
4,2227,1162.0,10.0
4,2228,1712.0,80.0
4,2229,672.0,0.0
4,2230,1525.0,5.0
4,2231,914.0,50.0
4,2232,1374.0,30.0
4,2233,1090.0,50.0
4,2234,864.0,0.0
4,2235,1028.0,100.0
4,2236,1204.0,20.0
4,2237,1445.0,5.0
4,2238,1317.0,5.0
4,2239,2193.0,1.0
4,2240,1386.0,10.0
4,2241,1168.0,0.0
4,2242,536.0,40.0
4,2243,532.0,20.0
4,2244,356.0,100.0
4,2245,306.0,50.0
4,2246,1093.0,5.0
4,2247,1392.0,80.0
4,2248,2118.0,70.0
4,2249,318.0,30.0
4,2250,522.0,10.0
4,2251,1414.0,70.0
4,2252,666.0,90.0
4,2253,325.0,5.0
4,2254,1470.0,30.0
4,2255,1493.0,5.0
4,2256,388.0,100.0
4,2257,581.0,5.0
4,2258,1637.0,5.0
4,2259,998.0,70.0
4,2260,690.0,50.0
4,2261,1426.0,50.0
4,2262,1589.0,5.0
4,2263,1268.0,20.0
4,2264,1668.0,100.0
4,2265,872.0,40.0
4,2266,316.0,60.0
4,2267,1409.0,1.0
4,2268,1242.0,90.0
4,2269,1382.0,70.0
4,2270,1180.0,60.0
4,2271,1266.0,50.0
4,2272,1092.0,100.0
4,2273,586.0,10.0
4,2274,656.0,80.0
4,2275,1718.0,70.0
4,2276,1324.0,60.0
4,2277,894.0,30.0
4,2278,1217.0,1.0
4,2279,225.0,1.0
4,2280,498.0,50.0
4,2281,658.0,50.0
4,2282,868.0,100.0
4,2283,334.0,30.0
4,2284,1610.0,90.0
4,2285,1162.0,10.0
4,2286,1768.0,40.0
4,2287,626.0,50.0
4,2288,360.0,40.0
4,2289,1790.0,30.0
4,2290,980.0,20.0
4,2291,2282.0,10.0
4,2292,864.0,0.0
4,2293,2148.0,20.0
4,2294,670.0,30.0
4,2295,490.0,10.0
4,2296,316.0,60.0
4,2297,309.0,5.0
4,2298,801.0,1.0
4,2299,1648.0,80.0
4,2300,358.0,70.0
4,2301,596.0,20.0
4,2302,1514.0,10.0
4,2303,865.0,1.0
4,2304,1358.0,30.0
4,2305,2117.0,5.0
4,2306,266.0,10.0
4,2307,1242.0,90.0
4,2308,2090.0,90.0
4,2309,368.0,80.0
4,2310,778.0,10.0
4,2311,1756.0,60.0
4,2312,1029.0,5.0
4,2313,2368.0,0.0
4,2314,1000.0,40.0
4,2315,626.0,50.0
4,2316,961.0,1.0
4,2317,1866.0,10.0
4,2318,324.0,20.0
4,2319,517.0,5.0
4,2320,1980.0,60.0
4,2321,2437.0,5.0
4,2322,876.0,60.0
4,2323,314.0,90.0
4,2324,304.0,0.0
4,2325,581.0,5.0
4,2326,1733.0,5.0
4,2327,732.0,60.0
4,2328,202.0,10.0
4,2329,1074.0,50.0
4,2330,328.0,40.0
4,2331,796.0,60.0
4,2332,325.0,5.0
4,2333,1130.0,10.0
4,2334,1638.0,70.0
4,2335,1744.0,80.0
4,2336,1466.0,90.0
4,2337,900.0,100.0
4,2338,884.0,20.0
4,2339,1562.0,90.0
4,2340,926.0,30.0
4,2341,358.0,70.0
4,2342,922.0,10.0
4,2343,1240.0,40.0
4,2344,582.0,70.0
4,2345,1492.0,20.0
4,2346,874.0,10.0
4,2347,394.0,90.0
4,2348,1450.0,10.0
4,2349,1962.0,10.0
4,2350,912.0,0.0
4,2351,1760.0,80.0
4,2352,378.0,90.0
4,2353,1770.0,90.0
4,2354,1620.0,20.0
4,2355,488.0,40.0
4,2356,1982.0,30.0
4,2357,1409.0,1.0
4,2358,1072.0,80.0
4,2359,552.0,40.0
4,2360,960.0,0.0
4,2361,572.0,60.0
4,2362,1076.0,20.0
4,2363,328.0,40.0
4,2364,1594.0,90.0
4,2365,592.0,80.0
4,2366,1596.0,60.0
4,2367,334.0,30.0
4,2368,710.0,70.0
4,2369,1180.0,60.0
4,2370,1386.0,90.0
4,2371,708.0,100.0
4,2372,2074.0,90.0
4,2373,192.0,0.0
4,2374,914.0,50.0
4,2375,1557.0,5.0
4,2376,1940.0,20.0
4,2377,961.0,1.0
4,2378,1008.0,80.0
4,2379,1124.0,100.0
4,2380,1377.0,1.0
4,2381,385.0,1.0
4,2382,1050.0,90.0
4,2383,490.0,10.0
4,2384,1108.0,20.0
4,2385,581.0,5.0
4,2386,1840.0,0.0
4,2387,1668.0,100.0
4,2388,1505.0,1.0
4,2389,1380.0,100.0
4,2390,1494.0,70.0
4,2391,1722.0,90.0
4,2392,254.0,30.0
4,2393,318.0,30.0
4,2394,1892.0,20.0
4,2395,1152.0,0.0
4,2396,772.0,100.0
4,2397,388.0,100.0
4,2398,778.0,10.0
4,2399,978.0,50.0
4,2400,737.0,1.0
4,2401,966.0,70.0
4,2402,998.0,70.0
4,2403,778.0,10.0
4,2404,1882.0,10.0
4,2405,730.0,90.0
4,2406,266.0,10.0
4,2407,700.0,60.0
4,2408,564.0,20.0
4,2409,508.0,60.0
4,2410,1778.0,50.0
4,2411,709.0,5.0
4,2412,752.0,80.0
4,2413,2574.0,30.0
4,2414,592.0,80.0
4,2415,966.0,70.0
4,2416,1578.0,90.0
4,2417,1025.0,1.0
4,2418,710.0,70.0
4,2419,616.0,40.0
4,2420,924.0,60.0
4,2421,864.0,0.0
4,2422,334.0,30.0
4,2423,2026.0,10.0
4,2424,1284.0,100.0
4,2425,282.0,90.0
4,2426,2108.0,60.0
4,2427,1192.0,40.0
4,2428,1312.0,0.0
4,2429,858.0,90.0
4,2430,1077.0,5.0
4,2431,710.0,70.0
4,2432,286.0,30.0
4,2433,652.0,60.0
4,2434,638.0,30.0
4,2435,1514.0,90.0
4,2436,1692.0,60.0
4,2437,646.0,70.0
4,2438,1729.0,1.0
4,2439,874.0,10.0
4,2440,225.0,1.0
4,2441,1989.0,5.0
4,2442,736.0,0.0
4,2443,512.0,0.0
4,2444,836.0,100.0
4,2445,644.0,100.0
4,2446,484.0,100.0
4,2447,284.0,60.0
4,2448,1466.0,90.0
4,2449,1938.0,50.0
4,2450,1120.0,0.0
4,2451,2336.0,80.0
4,2452,842.0,10.0
4,2453,618.0,10.0
4,2454,2480.0,80.0
4,2455,1308.0,60.0
4,2456,1600.0,80.0
4,2457,1440.0,0.0
4,2458,914.0,50.0
4,2459,308.0,20.0
4,2460,234.0,10.0
4,2461,1640.0,40.0
4,2462,1556.0,20.0
4,2463,1382.0,70.0
4,2464,1764.0,100.0
4,2465,2180.0,20.0
4,2466,552.0,40.0
4,2467,288.0,0.0
4,2468,1734.0,70.0
4,2469,644.0,100.0
4,2470,304.0,80.0
4,2471,965.0,5.0
4,2472,1274.0,90.0
4,2473,1585.0,1.0
4,2474,2046.0,30.0
4,2475,712.0,40.0
4,2476,1136.0,80.0
4,2477,1120.0,0.0
4,2478,1178.0,90.0
4,2479,1924.0,20.0
4,2480,1524.0,20.0
4,2481,948.0,20.0
4,2482,960.0,80.0
4,2483,1824.0,0.0
4,2484,1012.0,100.0
4,2485,1230.0,30.0
4,2486,261.0,5.0
4,2487,1121.0,1.0
4,2488,484.0,100.0
4,2489,1094.0,70.0
4,2490,1214.0,30.0
4,2491,1157.0,5.0
4,2492,1962.0,10.0
4,2493,596.0,20.0
4,2494,1542.0,70.0
4,2495,1402.0,90.0
4,2496,1472.0,0.0
4,2497,552.0,40.0
4,2498,1564.0,60.0
4,2499,932.0,20.0
4,2500,934.0,70.0
4,2501,660.0,100.0
4,2502,1122.0,50.0
4,2503,360.0,40.0
4,2504,304.0,0.0
4,2505,692.0,100.0
4,2506,640.0,0.0
4,2507,1236.0,20.0
4,2508,740.0,100.0
4,2509,636.0,60.0
4,2510,833.0,1.0
4,2511,897.0,1.0
4,2512,1002.0,90.0
4,2513,774.0,70.0
4,2514,1354.0,10.0
4,2515,1256.0,40.0
4,2516,344.0,40.0
4,2517,1116.0,60.0
4,2518,1350.0,70.0
4,2519,2273.0,1.0
4,2520,346.0,90.0
4,2521,1864.0,40.0
4,2522,1030.0,70.0
4,2523,1601.0,1.0
4,2524,2206.0,30.0
4,2525,712.0,40.0
4,2526,1828.0,100.0
4,2527,368.0,80.0
4,2528,292.0,100.0
4,2529,1893.0,5.0
4,2530,818.0,50.0
4,2531,1008.0,80.0
4,2532,1452.0,60.0
4,2533,1734.0,70.0
4,2534,678.0,70.0
4,2535,1086.0,30.0
4,2536,972.0,60.0
4,2537,1246.0,30.0
4,2538,914.0,50.0
4,2539,864.0,0.0
4,2540,862.0,30.0
4,2541,1434.0,90.0
4,2542,668.0,60.0
4,2543,1724.0,60.0
4,2544,1714.0,50.0
4,2545,881.0,1.0
4,2546,1216.0,0.0
4,2547,990.0,30.0
4,2548,1350.0,70.0
4,2549,1200.0,80.0
4,2550,656.0,80.0
4,2551,1196.0,60.0
4,2552,1825.0,1.0
4,2553,1461.0,5.0
4,2554,1320.0,40.0
4,2555,1348.0,100.0
4,2556,705.0,1.0
4,2557,916.0,20.0
4,2558,232.0,40.0
4,2559,2038.0,70.0
4,2560,1413.0,5.0
4,2561,676.0,100.0
4,2562,1150.0,30.0
4,2563,336.0,80.0
4,2564,818.0,50.0
4,2565,722.0,50.0
4,2566,1530.0,90.0
4,2567,1088.0,0.0
4,2568,1221.0,5.0
4,2569,917.0,5.0
4,2570,256.0,0.0
4,2571,964.0,100.0
4,2572,677.0,5.0
4,2573,1060.0,100.0
4,2574,948.0,20.0
4,2575,2497.0,1.0
4,2576,1344.0,0.0
4,2577,1750.0,70.0
4,2578,414.0,30.0
4,2579,788.0,20.0
4,2580,320.0,0.0
4,2581,768.0,0.0
4,2582,848.0,80.0
4,2583,1584.0,0.0
4,2584,512.0,0.0
4,2585,742.0,70.0
4,2586,1924.0,100.0
4,2587,508.0,60.0
4,2588,644.0,100.0
4,2589,2204.0,60.0
4,2590,576.0,0.0
4,2591,576.0,0.0
4,2592,2526.0,30.0
4,2593,308.0,20.0
4,2594,982.0,70.0
4,2595,1630.0,30.0
4,2596,2086.0,70.0
4,2597,336.0,80.0
4,2598,1778.0,50.0
4,2599,1436.0,60.0
4,2600,257.0,1.0
4,2601,2593.0,1.0
4,2602,826.0,90.0
4,2603,1248.0,0.0
4,2604,1410.0,50.0
4,2605,1394.0,50.0
4,2606,1626.0,90.0
4,2607,1073.0,1.0
4,2608,449.0,1.0
4,2609,1482.0,90.0
4,2610,1768.0,40.0
4,2611,901.0,5.0
4,2612,864.0,0.0
4,2613,197.0,5.0
4,2614,552.0,40.0
4,2615,960.0,0.0
4,2616,2226.0,50.0
4,2617,636.0,60.0
4,2618,1761.0,1.0
4,2619,1200.0,80.0
4,2620,1064.0,40.0
4,2621,981.0,5.0
4,2622,326.0,70.0
4,2623,1124.0,20.0
4,2624,1074.0,50.0
4,2625,1560.0,40.0
4,2626,1093.0,5.0
4,2627,1441.0,1.0
4,2628,2372.0,100.0
4,2629,256.0,0.0
4,2630,529.0,1.0
4,2631,1094.0,70.0
4,2632,1188.0,100.0
4,2633,1846.0,70.0
4,2634,1160.0,40.0
4,2635,2017.0,1.0
4,2636,1002.0,90.0
4,2637,1126.0,70.0
4,2638,225.0,1.0
4,2639,1040.0,80.0
4,2640,1360.0,80.0
4,2641,1862.0,70.0
4,2642,1272.0,40.0
4,2643,1248.0,0.0
4,2644,1716.0,20.0
4,2645,1682.0,50.0
4,2646,616.0,40.0
4,2647,1252.0,100.0
4,2648,986.0,90.0
4,2649,1252.0,100.0
4,2650,1596.0,60.0
4,2651,818.0,50.0
4,2652,481.0,1.0
4,2653,778.0,10.0
4,2654,961.0,1.0
4,2655,1104.0,80.0
4,2656,1722.0,90.0
4,2657,1174.0,70.0
4,2658,656.0,80.0
4,2659,796.0,60.0
4,2660,1490.0,50.0
4,2661,1221.0,5.0
4,2662,1470.0,30.0
4,2663,424.0,40.0
4,2664,688.0,80.0
4,2665,2074.0,90.0
4,2666,1472.0,0.0
4,2667,1514.0,10.0
4,2668,1086.0,30.0
4,2669,1638.0,70.0
4,2670,934.0,70.0
4,2671,1381.0,5.0
4,2672,1350.0,70.0
4,2673,404.0,20.0
4,2674,532.0,20.0
4,2675,1093.0,5.0
4,2676,666.0,90.0
4,2677,2050.0,50.0
4,2678,1740.0,60.0
4,2679,1454.0,30.0
4,2680,1937.0,1.0
4,2681,1330.0,50.0
4,2682,1025.0,1.0
4,2683,1658.0,90.0
4,2684,874.0,10.0
4,2685,1756.0,60.0
4,2686,2088.0,40.0
4,2687,1200.0,80.0
4,2688,1636.0,100.0
4,2689,1844.0,20.0
4,2690,1426.0,50.0
4,2691,576.0,0.0
4,2692,293.0,5.0
4,2693,1508.0,100.0
4,2694,326.0,70.0
4,2695,884.0,20.0
4,2696,1168.0,0.0
4,2697,1892.0,100.0
4,2698,1540.0,100.0
4,2699,1313.0,1.0
4,2700,1498.0,90.0
4,2701,1728.0,0.0
4,2702,358.0,70.0
4,2703,1402.0,90.0
4,2704,1488.0,80.0
4,2705,865.0,1.0
4,2706,592.0,80.0
4,2707,1034.0,10.0
4,2708,1313.0,1.0
4,2709,1176.0,40.0
4,2710,1592.0,40.0
4,2711,1626.0,90.0
4,2712,1708.0,60.0
4,2713,1061.0,5.0
4,2714,1498.0,90.0
4,2715,1573.0,5.0
4,2716,1416.0,40.0
4,2717,1792.0,0.0
4,2718,1941.0,5.0
4,2719,576.0,0.0
4,2720,1408.0,0.0
4,2721,1084.0,60.0
4,2722,1762.0,50.0
4,2723,818.0,50.0
4,2724,2206.0,30.0
4,2725,1076.0,20.0
4,2726,1116.0,60.0
4,2727,1482.0,10.0
4,2728,484.0,100.0
4,2729,1002.0,10.0
4,2730,314.0,90.0
4,2731,1212.0,60.0
4,2732,836.0,100.0
4,2733,193.0,1.0
4,2734,1414.0,70.0
4,2735,1664.0,0.0
4,2736,646.0,70.0
4,2737,1296.0,80.0
4,2738,542.0,30.0
4,2739,869.0,5.0
4,2740,2114.0,50.0
4,2741,917.0,5.0
4,2742,356.0,100.0
4,2743,348.0,60.0
4,2744,1320.0,40.0
4,2745,306.0,50.0
4,2746,1020.0,60.0
4,2747,2162.0,50.0
4,2748,1418.0,10.0
4,2749,576.0,0.0
4,2750,320.0,0.0
4,2751,570.0,90.0
4,2752,242.0,50.0
4,2753,1910.0,70.0
4,2754,1640.0,40.0
4,2755,1664.0,0.0
4,2756,1234.0,50.0
4,2757,1620.0,20.0
4,2758,1316.0,100.0
4,2759,2056.0,40.0
4,2760,1221.0,5.0
4,2761,321.0,1.0
4,2762,1744.0,80.0
4,2763,638.0,30.0
4,2764,965.0,5.0
4,2765,842.0,10.0
4,2766,2460.0,60.0
4,2767,869.0,5.0
4,2768,1746.0,50.0
4,2769,1522.0,50.0
4,2770,318.0,30.0
4,2771,1002.0,90.0
4,2772,1414.0,70.0
4,2773,202.0,10.0
4,2774,801.0,1.0
4,2775,1664.0,0.0
4,2776,924.0,60.0
4,2777,2536.0,40.0
4,2778,1844.0,20.0
4,2779,1504.0,80.0
4,2780,1594.0,90.0
4,2781,1692.0,60.0
4,2782,1898.0,10.0
4,2783,737.0,1.0
4,2784,852.0,20.0
4,2785,1125.0,5.0
4,2786,644.0,100.0
4,2787,512.0,0.0
4,2788,1192.0,40.0
4,2789,986.0,90.0
4,2790,884.0,20.0
4,2791,646.0,70.0
4,2792,414.0,30.0
4,2793,298.0,10.0
4,2794,1598.0,30.0
4,2795,1466.0,90.0
4,2796,304.0,80.0
4,2797,636.0,60.0
4,2798,572.0,60.0
4,2799,914.0,50.0
4,2800,858.0,90.0
4,2801,1232.0,80.0
4,2802,1637.0,5.0
4,2803,752.0,0.0
4,2804,1360.0,80.0
4,2805,709.0,5.0
4,2806,1270.0,70.0
4,2807,1136.0,80.0
4,2808,1332.0,20.0
4,2809,1428.0,20.0
4,2810,1124.0,100.0
4,2811,737.0,1.0
4,2812,690.0,50.0
4,2813,932.0,100.0
4,2814,1253.0,5.0
4,2815,922.0,10.0
4,2816,788.0,100.0
4,2817,2336.0,0.0
4,2818,929.0,1.0
4,2819,1412.0,20.0
4,2820,948.0,20.0
4,2821,636.0,60.0
4,2822,1180.0,60.0
4,2823,305.0,1.0
4,2824,1872.0,80.0
4,2825,272.0,80.0
4,2826,449.0,1.0
4,2827,901.0,5.0
4,2828,646.0,70.0
4,2829,1770.0,10.0
4,2830,916.0,20.0
4,2831,324.0,100.0
4,2832,518.0,70.0
4,2833,1056.0,0.0
4,2834,1072.0,80.0
4,2835,1282.0,50.0
4,2836,1380.0,20.0
4,2837,318.0,30.0
4,2838,944.0,80.0
4,2839,330.0,10.0
4,2840,944.0,80.0
4,2841,912.0,0.0
4,2842,974.0,30.0
4,2843,924.0,60.0
4,2844,1098.0,10.0
4,2845,820.0,20.0
4,2846,680.0,40.0
4,2847,808.0,40.0
4,2848,682.0,10.0
4,2849,348.0,60.0
4,2850,1316.0,100.0
4,2851,1764.0,100.0
4,2852,1120.0,0.0
4,2853,1652.0,20.0
4,2854,2360.0,40.0
4,2855,2234.0,90.0
4,2856,522.0,10.0
4,2857,1554.0,50.0
4,2858,922.0,10.0
4,2859,853.0,5.0
4,2860,1377.0,1.0
4,2861,801.0,1.0
4,2862,338.0,50.0
4,2863,636.0,60.0
4,2864,673.0,1.0
4,2865,592.0,80.0
4,2866,1808.0,80.0
4,2867,1866.0,90.0
4,2868,1056.0,0.0
4,2869,1300.0,20.0
4,2870,1540.0,20.0
4,2871,806.0,70.0
4,2872,1350.0,70.0
4,2873,1702.0,70.0
4,2874,592.0,80.0
4,2875,1552.0,80.0
4,2876,882.0,50.0
4,2877,374.0,70.0
4,2878,1726.0,30.0
4,2879,648.0,40.0
4,2880,424.0,40.0
4,2881,536.0,40.0
4,2882,1404.0,60.0
4,2883,1302.0,70.0
4,2884,650.0,10.0
4,2885,1824.0,0.0
4,2886,606.0,30.0
4,2887,1444.0,100.0
4,2888,370.0,50.0
4,2889,1372.0,60.0
4,2890,1524.0,100.0
4,2891,1512.0,40.0
4,2892,264.0,40.0
4,2893,828.0,60.0
4,2894,1818.0,90.0
4,2895,596.0,20.0
4,2896,2344.0,40.0
4,2897,338.0,50.0
4,2898,282.0,90.0
4,2899,2094.0,30.0
4,2900,510.0,30.0
4,2901,1002.0,90.0
4,2902,641.0,1.0
4,2903,926.0,30.0
4,2904,658.0,50.0
4,2905,512.0,0.0
4,2906,1172.0,100.0
4,2907,929.0,1.0
4,2908,348.0,60.0
4,2909,1060.0,100.0
4,2910,324.0,100.0
4,2911,1888.0,0.0
4,2912,2021.0,5.0
4,2913,2120.0,40.0
4,2914,1538.0,50.0
4,2915,1594.0,90.0
4,2916,1106.0,50.0
4,2917,1489.0,1.0
4,2918,966.0,70.0
4,2919,1520.0,80.0
4,2920,2394.0,90.0
4,2921,1844.0,20.0
4,2922,2056.0,40.0
4,2923,1628.0,60.0
4,2924,1537.0,1.0
4,2925,1057.0,1.0
4,2926,513.0,1.0
4,2927,293.0,5.0
4,2928,1292.0,60.0
4,2929,764.0,60.0
4,2930,560.0,80.0
4,2931,1188.0,100.0
4,2932,572.0,60.0
4,2933,769.0,1.0
4,2934,768.0,0.0
4,2935,656.0,80.0
4,2936,954.0,90.0
4,2937,788.0,100.0
4,2938,254.0,30.0
4,2939,818.0,50.0
4,2940,616.0,40.0
4,2941,1652.0,20.0
4,2942,234.0,10.0
4,2943,901.0,5.0
4,2944,1160.0,40.0
4,2945,1860.0,100.0
4,2946,730.0,90.0
4,2947,1514.0,10.0
4,2948,1382.0,70.0
4,2949,648.0,40.0
4,2950,1140.0,20.0
4,2951,1588.0,20.0
4,2952,1249.0,1.0
4,2953,838.0,70.0
4,2954,708.0,100.0
4,2955,1376.0,0.0
4,2956,1652.0,20.0
4,2957,944.0,80.0
4,2958,1882.0,10.0
4,2959,1258.0,10.0
4,2960,1008.0,80.0
4,2961,1588.0,100.0
4,2962,1057.0,1.0
4,2963,1766.0,70.0
4,2964,1108.0,20.0
4,2965,1121.0,1.0
4,2966,581.0,5.0
4,2967,600.0,40.0
4,2968,1788.0,60.0
4,2969,1524.0,20.0
4,2970,570.0,90.0
4,2971,1754.0,10.0
4,2972,2814.0,30.0
4,2973,852.0,20.0
4,2974,1074.0,50.0
4,2975,942.0,30.0
4,2976,638.0,30.0
4,2977,229.0,5.0
4,2978,2180.0,100.0
4,2979,1392.0,80.0
4,2980,1382.0,70.0
4,2981,1252.0,100.0
4,2982,1281.0,1.0
4,2983,1264.0,80.0
4,2984,690.0,50.0
4,2985,380.0,60.0
4,2986,1008.0,80.0
4,2987,320.0,0.0
4,2988,730.0,90.0
4,2989,1702.0,70.0
4,2990,1521.0,1.0
4,2991,325.0,5.0
4,2992,2126.0,30.0
4,2993,1392.0,80.0
4,2994,1074.0,50.0
4,2995,1168.0,0.0
4,2996,986.0,90.0
4,2997,1948.0,60.0
4,2998,576.0,0.0
4,2999,232.0,40.0
4,3000,324.0,20.0
4,3001,924.0,60.0
4,3002,944.0,80.0
4,3003,1104.0,80.0
4,3004,1562.0,10.0
4,3005,1066.0,10.0
4,3006,522.0,10.0
4,3007,769.0,1.0
4,3008,1632.0,0.0
4,3009,288.0,0.0
4,3010,798.0,30.0
4,3011,1800.0,40.0
4,3012,1217.0,1.0
4,3013,348.0,60.0
4,3014,484.0,100.0
4,3015,640.0,0.0
4,3016,906.0,10.0
4,3017,820.0,20.0
4,3018,896.0,0.0
4,3019,1674.0,10.0
4,3020,2054.0,70.0
4,3021,1217.0,1.0
4,3022,274.0,50.0
4,3023,1264.0,80.0
4,3024,734.0,30.0
4,3025,1893.0,5.0
4,3026,1030.0,70.0
4,3027,1050.0,90.0
4,3028,2056.0,40.0
4,3029,2142.0,30.0
4,3030,2076.0,60.0
4,3031,1025.0,1.0
4,3032,1286.0,70.0
4,3033,1162.0,10.0
4,3034,257.0,1.0
4,3035,2017.0,1.0
4,3036,741.0,5.0
4,3037,1884.0,60.0
4,3038,314.0,10.0
4,3039,2068.0,20.0
4,3040,788.0,20.0
4,3041,862.0,30.0
4,3042,1286.0,70.0
4,3043,1614.0,30.0
4,3044,914.0,50.0
4,3045,1989.0,5.0
4,3046,924.0,60.0
4,3047,1754.0,10.0
4,3048,773.0,5.0
4,3049,594.0,50.0
4,3050,1770.0,90.0
4,3051,874.0,10.0
4,3052,1434.0,90.0
4,3053,1525.0,5.0
4,3054,1828.0,100.0
4,3055,2122.0,10.0
4,3056,1564.0,60.0
4,3057,1348.0,100.0
4,3058,594.0,50.0
4,3059,1872.0,80.0
4,3060,1008.0,80.0
4,3061,1834.0,10.0
4,3062,714.0,10.0
4,3063,1274.0,90.0
4,3064,1925.0,5.0
4,3065,768.0,0.0
4,3066,1226.0,10.0
4,3067,1396.0,100.0
4,3068,1948.0,60.0
4,3069,326.0,70.0
4,3070,672.0,0.0
4,3071,862.0,30.0
4,3072,773.0,5.0
4,3073,1012.0,100.0
4,3074,752.0,80.0
4,3075,1204.0,20.0
4,3076,1248.0,0.0
4,3077,1381.0,5.0
4,3078,660.0,20.0
4,3079,773.0,5.0
4,3080,1796.0,100.0
4,3081,338.0,50.0
4,3082,1758.0,30.0
4,3083,640.0,0.0
4,3084,1088.0,0.0
4,3085,1600.0,0.0
4,3086,680.0,40.0
4,3087,944.0,80.0
4,3088,806.0,70.0
4,3089,628.0,20.0
4,3090,1376.0,0.0
4,3091,2008.0,40.0
4,3092,414.0,30.0
4,3093,229.0,5.0
4,3094,672.0,80.0
4,3095,261.0,5.0
4,3096,700.0,60.0
4,3097,1253.0,5.0
4,3098,1972.0,20.0
4,3099,1210.0,90.0
4,3100,840.0,40.0
4,3101,592.0,80.0
4,3102,1456.0,80.0
4,3103,964.0,100.0
4,3104,956.0,60.0
4,3105,1812.0,100.0
4,3106,338.0,50.0
4,3107,574.0,30.0
4,3108,964.0,100.0
4,3109,548.0,100.0
4,3110,788.0,20.0
4,3111,688.0,80.0
4,3112,222.0,30.0
4,3113,256.0,0.0
4,3114,1192.0,40.0
4,3115,533.0,5.0
4,3116,577.0,1.0
4,3117,1061.0,5.0
4,3118,1060.0,100.0
4,3119,1936.0,80.0
4,3120,370.0,50.0
4,3121,517.0,5.0
4,3122,424.0,40.0
4,3123,666.0,90.0
4,3124,358.0,70.0
4,3125,714.0,10.0
4,3126,904.0,40.0
4,3127,576.0,0.0
4,3128,1404.0,60.0
4,3129,1413.0,5.0
4,3130,1445.0,5.0
4,3131,1246.0,30.0
4,3132,1546.0,10.0
4,3133,1976.0,40.0
4,3134,1744.0,80.0
4,3135,2576.0,80.0
4,3136,821.0,5.0
4,3137,338.0,50.0
4,3138,618.0,10.0
4,3139,234.0,10.0
4,3140,344.0,40.0
4,3141,444.0,60.0
4,3142,670.0,30.0
4,3143,640.0,80.0
4,3144,1018.0,90.0
4,3145,1822.0,30.0
4,3146,1628.0,60.0
4,3147,1202.0,50.0
4,3148,1832.0,40.0
4,3149,1520.0,80.0
4,3150,1158.0,70.0
4,3151,1466.0,90.0
4,3152,832.0,0.0
4,3153,796.0,60.0
4,3154,304.0,0.0
4,3155,276.0,20.0
4,3156,1157.0,5.0
4,3157,1824.0,0.0
4,3158,2209.0,1.0
4,3159,618.0,10.0
4,3160,628.0,100.0
4,3161,990.0,30.0
4,3162,532.0,20.0
4,3163,830.0,30.0
4,3164,666.0,90.0
4,3165,1390.0,30.0
4,3166,1490.0,50.0
4,3167,698.0,90.0
4,3168,1310.0,30.0
4,3169,1088.0,0.0
4,3170,1250.0,50.0
4,3171,808.0,40.0
4,3172,384.0,0.0
4,3173,1608.0,40.0
4,3174,840.0,40.0
4,3175,1702.0,70.0
4,3176,234.0,10.0
4,3177,2016.0,0.0
4,3178,1349.0,5.0
4,3179,742.0,70.0
4,3180,1126.0,70.0
4,3181,1448.0,40.0
4,3182,1701.0,5.0
4,3183,1588.0,100.0
4,3184,520.0,40.0
4,3185,1834.0,10.0
4,3186,700.0,60.0
4,3187,394.0,10.0
4,3188,1696.0,0.0
4,3189,833.0,1.0
4,3190,1626.0,90.0
4,3191,1652.0,20.0
4,3192,1438.0,30.0
4,3193,2069.0,5.0
4,3194,1158.0,70.0
4,3195,616.0,40.0
4,3196,1344.0,0.0
4,3197,1114.0,90.0
4,3198,1286.0,70.0
4,3199,424.0,40.0
4,3200,1088.0,0.0
4,3201,384.0,80.0
4,3202,914.0,50.0
4,3203,1236.0,20.0
4,3204,810.0,10.0
4,3205,1536.0,80.0
4,3206,1649.0,1.0
4,3207,904.0,40.0
4,3208,293.0,5.0
4,3209,840.0,40.0
4,3210,586.0,10.0
4,3211,894.0,30.0
4,3212,950.0,70.0
4,3213,1313.0,1.0
4,3214,1490.0,50.0
4,3215,2272.0,0.0
4,3216,1828.0,100.0
4,3217,1466.0,10.0
4,3218,636.0,60.0
4,3219,1008.0,80.0
4,3220,522.0,10.0
4,3221,202.0,10.0
4,3222,1424.0,80.0
4,3223,244.0,20.0
4,3224,865.0,1.0
4,3225,608.0,0.0
4,3226,1569.0,1.0
4,3227,852.0,20.0
4,3228,2148.0,100.0
4,3229,946.0,50.0
4,3230,1572.0,100.0
4,3231,798.0,30.0
4,3232,324.0,100.0
4,3233,766.0,30.0
4,3234,869.0,5.0
4,3235,818.0,50.0
4,3236,954.0,90.0
4,3237,1345.0,1.0
4,3238,1510.0,70.0
4,3239,2016.0,80.0
4,3240,833.0,1.0
4,3241,478.0,30.0
4,3242,1153.0,1.0
4,3243,1322.0,10.0
4,3244,612.0,100.0
4,3245,1108.0,20.0
4,3246,732.0,60.0
4,3247,732.0,60.0
4,3248,656.0,80.0
4,3249,596.0,20.0
4,3250,646.0,70.0
4,3251,378.0,90.0
4,3252,1406.0,30.0
4,3253,326.0,70.0
4,3254,328.0,40.0
4,3255,545.0,1.0
4,3256,1862.0,70.0
4,3257,434.0,50.0
4,3258,385.0,1.0
4,3259,2180.0,100.0
4,3260,922.0,90.0
4,3261,710.0,70.0
4,3262,1541.0,5.0
4,3263,964.0,100.0
4,3264,1252.0,100.0
4,3265,754.0,50.0
4,3266,1736.0,40.0
4,3267,1128.0,40.0
4,3268,1381.0,5.0
4,3269,2366.0,30.0
4,3270,869.0,5.0
4,3271,577.0,1.0
4,3272,1198.0,30.0
4,3273,688.0,80.0
4,3274,964.0,100.0
4,3275,453.0,5.0
4,3276,882.0,50.0
4,3277,1908.0,20.0
4,3278,1374.0,30.0
4,3279,936.0,40.0
4,3280,872.0,40.0
4,3281,636.0,60.0
4,3282,458.0,10.0
4,3283,222.0,30.0
4,3284,2106.0,10.0
4,3285,708.0,100.0
4,3286,993.0,1.0
4,3287,629.0,5.0
4,3288,769.0,1.0
4,3289,996.0,100.0
4,3290,1072.0,80.0
4,3291,1861.0,5.0
4,3292,666.0,90.0
4,3293,1066.0,10.0
4,3294,1020.0,60.0
4,3295,2006.0,70.0
4,3296,612.0,100.0
4,3297,636.0,60.0
4,3298,528.0,80.0
4,3299,606.0,30.0
4,3300,582.0,70.0
4,3301,1729.0,1.0
4,3302,1692.0,60.0
4,3303,2112.0,80.0
4,3304,990.0,30.0
4,3305,1062.0,70.0
4,3306,1064.0,40.0
4,3307,700.0,60.0
4,3308,522.0,10.0
4,3309,286.0,30.0
4,3310,924.0,60.0
4,3311,1924.0,100.0
4,3312,1264.0,80.0
4,3313,2276.0,100.0
4,3314,289.0,1.0
4,3315,990.0,30.0
4,3316,552.0,40.0
4,3317,769.0,1.0
4,3318,410.0,90.0
4,3319,1569.0,1.0
4,3320,289.0,1.0
4,3321,1472.0,0.0
4,3322,1202.0,50.0
4,3323,2014.0,30.0
4,3324,1078.0,70.0
4,3325,1606.0,70.0
4,3326,1760.0,80.0
4,3327,1124.0,100.0
4,3328,444.0,60.0
4,3329,702.0,30.0
4,3330,956.0,60.0
4,3331,1576.0,40.0
4,3332,1382.0,70.0
4,3333,1477.0,5.0
4,3334,946.0,50.0
4,3335,378.0,90.0
4,3336,404.0,20.0
4,3337,954.0,90.0
4,3338,552.0,40.0
4,3339,764.0,60.0
4,3340,328.0,40.0
4,3341,1690.0,90.0
4,3342,894.0,30.0
4,3343,326.0,70.0
4,3344,1566.0,30.0
4,3345,388.0,100.0
4,3346,656.0,80.0
4,3347,606.0,30.0
4,3348,1922.0,50.0
4,3349,346.0,90.0
4,3350,1569.0,1.0
4,3351,869.0,5.0
4,3352,830.0,30.0
4,3353,832.0,0.0
4,3354,609.0,1.0
4,3355,1236.0,20.0
4,3356,1500.0,60.0
4,3357,328.0,40.0
4,3358,838.0,70.0
4,3359,1882.0,90.0
4,3360,384.0,0.0
4,3361,522.0,10.0
4,3362,284.0,60.0
4,3363,1474.0,50.0
4,3364,306.0,50.0
4,3365,1548.0,60.0
4,3366,261.0,5.0
4,3367,1076.0,20.0
4,3368,1778.0,50.0
4,3369,2330.0,90.0
4,3370,678.0,70.0
4,3371,785.0,1.0
4,3372,1825.0,1.0
4,3373,1557.0,5.0
4,3374,656.0,80.0
4,3375,986.0,90.0
4,3376,1914.0,90.0
4,3377,1096.0,40.0
4,3378,1680.0,0.0
4,3379,1642.0,10.0
4,3380,338.0,50.0
4,3381,192.0,0.0
4,3382,1220.0,20.0
4,3383,1637.0,5.0
4,3384,1308.0,60.0
4,3385,1566.0,30.0
4,3386,2209.0,1.0
4,3387,1010.0,50.0
4,3388,500.0,20.0
4,3389,1960.0,40.0
4,3390,1376.0,0.0
4,3391,522.0,10.0
4,3392,326.0,70.0
4,3393,978.0,50.0
4,3394,1176.0,40.0
4,3395,1633.0,1.0
4,3396,254.0,30.0
4,3397,848.0,80.0
4,3398,2564.0,20.0
4,3399,1532.0,60.0
4,3400,2048.0,0.0
4,3401,1089.0,1.0
4,3402,1285.0,5.0
4,3403,1216.0,80.0
4,3404,818.0,50.0
4,3405,1681.0,1.0
4,3406,1054.0,30.0
4,3407,1429.0,5.0
4,3408,1348.0,100.0
4,3409,1184.0,0.0
4,3410,1404.0,60.0
4,3411,1264.0,80.0
4,3412,358.0,70.0
4,3413,998.0,70.0
4,3414,916.0,20.0
4,3415,1412.0,100.0
4,3416,1446.0,70.0
4,3417,869.0,5.0
4,3418,581.0,5.0
4,3419,344.0,40.0
4,3420,830.0,30.0
4,3421,1404.0,60.0
4,3422,242.0,50.0
4,3423,404.0,100.0
4,3424,1492.0,20.0
4,3425,1662.0,30.0
4,3426,444.0,60.0
4,3427,326.0,70.0
4,3428,730.0,90.0
4,3429,1286.0,70.0
4,3430,1236.0,20.0
4,3431,642.0,50.0
4,3432,934.0,70.0
4,3433,976.0,80.0
4,3434,2058.0,10.0
4,3435,1662.0,30.0
4,3436,1568.0,80.0
4,3437,1285.0,5.0
4,3438,1546.0,10.0
4,3439,1265.0,1.0
4,3440,1073.0,1.0
4,3441,266.0,10.0
4,3442,2160.0,80.0
4,3443,1306.0,90.0
4,3444,613.0,5.0
4,3445,942.0,30.0
4,3446,1560.0,40.0
4,3447,2337.0,1.0
4,3448,1440.0,0.0
4,3449,1766.0,70.0
4,3450,1252.0,100.0
4,3451,1008.0,80.0
4,3452,390.0,70.0
4,3453,869.0,5.0
4,3454,2396.0,60.0
4,3455,1158.0,70.0
4,3456,828.0,60.0
4,3457,869.0,5.0
4,3458,1922.0,50.0
4,3459,1328.0,80.0
4,3460,602.0,90.0
4,3461,1344.0,80.0
4,3462,1012.0,100.0
4,3463,512.0,0.0
4,3464,864.0,0.0
4,3465,1345.0,1.0
4,3466,2042.0,90.0
4,3467,874.0,10.0
4,3468,266.0,10.0
4,3469,1380.0,100.0
4,3470,917.0,5.0
4,3471,1054.0,30.0
4,3472,304.0,0.0
4,3473,961.0,1.0
4,3474,484.0,100.0
4,3475,293.0,5.0
4,3476,1093.0,5.0
4,3477,1208.0,40.0
4,3478,818.0,50.0
4,3479,1818.0,90.0
4,3480,1540.0,100.0
4,3481,672.0,0.0
4,3482,1538.0,50.0
4,3483,1646.0,30.0
4,3484,316.0,60.0
4,3485,1284.0,100.0
4,3486,982.0,70.0
4,3487,666.0,90.0
4,3488,1222.0,70.0
4,3489,988.0,60.0
4,3490,660.0,20.0
4,3491,602.0,90.0
4,3492,1606.0,70.0
4,3493,1298.0,50.0
4,3494,316.0,60.0
4,3495,998.0,70.0
4,3496,193.0,1.0
4,3497,348.0,60.0
4,3498,934.0,70.0
4,3499,612.0,100.0
4,3500,602.0,90.0
4,3501,1920.0,80.0
4,3502,1254.0,70.0
4,3503,646.0,70.0
4,3504,1822.0,30.0
4,3505,2768.0,80.0
4,3506,394.0,90.0
4,3507,293.0,5.0
4,3508,1489.0,1.0
4,3509,722.0,50.0
4,3510,858.0,90.0
4,3511,732.0,60.0
4,3512,1220.0,100.0
4,3513,1808.0,80.0
4,3514,1728.0,0.0
4,3515,1204.0,20.0
4,3516,225.0,1.0
4,3517,1660.0,60.0
4,3518,1994.0,10.0
4,3519,242.0,50.0
4,3520,1000.0,40.0
4,3521,576.0,0.0
4,3522,606.0,30.0
4,3523,318.0,30.0
4,3524,1029.0,5.0
4,3525,1194.0,10.0
4,3526,1962.0,10.0
4,3527,582.0,70.0
4,3528,1868.0,60.0
4,3529,1636.0,100.0
4,3530,1672.0,40.0
4,3531,1126.0,70.0
4,3532,2124.0,60.0
4,3533,1082.0,10.0
4,3534,272.0,80.0
4,3535,800.0,0.0
4,3536,978.0,50.0
4,3537,682.0,90.0
4,3538,326.0,70.0
4,3539,2368.0,0.0
4,3540,1198.0,30.0
4,3541,350.0,30.0
4,3542,1030.0,70.0
4,3543,690.0,50.0
4,3544,1562.0,90.0
4,3545,562.0,50.0
4,3546,1960.0,40.0
4,3547,576.0,0.0
4,3548,1414.0,70.0
4,3549,1480.0,40.0
4,3550,1392.0,80.0
4,3551,1477.0,5.0
4,3552,1761.0,1.0
4,3553,1502.0,30.0
4,3554,1168.0,0.0
4,3555,572.0,60.0
4,3556,714.0,10.0
4,3557,606.0,30.0
4,3558,400.0,80.0
4,3559,1093.0,5.0
4,3560,778.0,10.0
4,3561,1834.0,10.0
4,3562,616.0,40.0
4,3563,1888.0,0.0
4,3564,1258.0,10.0
4,3565,1089.0,1.0
4,3566,1492.0,20.0
4,3567,860.0,60.0
4,3568,1284.0,100.0
4,3569,1249.0,1.0
4,3570,1276.0,60.0
4,3571,848.0,80.0
4,3572,1668.0,100.0
4,3573,1812.0,20.0
4,3574,2037.0,5.0
4,3575,828.0,60.0
4,3576,892.0,60.0
4,3577,1570.0,50.0
4,3578,890.0,10.0
4,3579,384.0,80.0
4,3580,1338.0,90.0
4,3581,1236.0,20.0
4,3582,914.0,50.0
4,3583,990.0,30.0
4,3584,964.0,100.0
4,3585,858.0,90.0
4,3586,1736.0,40.0
4,3587,636.0,60.0
4,3588,1153.0,1.0
4,3589,870.0,70.0
4,3590,316.0,60.0
4,3591,1876.0,20.0
4,3592,2496.0,0.0
4,3593,1036.0,60.0
4,3594,358.0,70.0
4,3595,869.0,5.0
4,3596,952.0,40.0
4,3597,2416.0,80.0
4,3598,384.0,0.0
4,3599,936.0,40.0
4,3600,769.0,1.0
4,3601,1818.0,90.0
4,3602,1052.0,60.0
4,3603,864.0,0.0
4,3604,1214.0,30.0
4,3605,2106.0,90.0
4,3606,1546.0,90.0
4,3607,1060.0,100.0
4,3608,1404.0,60.0
4,3609,800.0,0.0
4,3610,838.0,70.0
4,3611,340.0,20.0
4,3612,912.0,80.0
4,3613,616.0,40.0
4,3614,336.0,80.0
4,3615,1222.0,70.0
4,3616,634.0,90.0
4,3617,1522.0,50.0
4,3618,293.0,5.0
4,3619,1000.0,40.0
4,3620,1352.0,40.0
4,3621,197.0,5.0
4,3622,688.0,80.0
4,3623,1354.0,10.0
4,3624,532.0,20.0
4,3625,2224.0,80.0
4,3626,1178.0,90.0
4,3627,1249.0,1.0
4,3628,656.0,80.0
4,3629,532.0,20.0
4,3630,586.0,10.0
4,3631,581.0,5.0
4,3632,1092.0,100.0
4,3633,1930.0,90.0
4,3634,286.0,30.0
4,3635,513.0,1.0
4,3636,1754.0,90.0
4,3637,1052.0,60.0
4,3638,1546.0,10.0
4,3639,316.0,60.0
4,3640,1633.0,1.0
4,3641,964.0,100.0
4,3642,2004.0,20.0
4,3643,274.0,50.0
4,3644,2348.0,60.0
4,3645,916.0,20.0
4,3646,1734.0,70.0
4,3647,1537.0,1.0
4,3648,262.0,70.0
4,3649,964.0,100.0
4,3650,666.0,90.0
4,3651,960.0,0.0
4,3652,1246.0,30.0
4,3653,626.0,50.0
4,3654,1404.0,60.0
4,3655,2236.0,60.0
4,3656,1168.0,80.0
4,3657,944.0,80.0
4,3658,1930.0,90.0
4,3659,1830.0,70.0
4,3660,773.0,5.0
4,3661,816.0,80.0
4,3662,926.0,30.0
4,3663,1648.0,80.0
4,3664,2624.0,80.0
4,3665,926.0,30.0
4,3666,842.0,10.0
4,3667,944.0,80.0
4,3668,1050.0,90.0
4,3669,2148.0,100.0
4,3670,1824.0,0.0
4,3671,1054.0,30.0
4,3672,1168.0,80.0
4,3673,828.0,60.0
4,3674,2240.0,80.0
4,3675,1970.0,50.0
4,3676,512.0,0.0
4,3677,1394.0,50.0
4,3678,616.0,40.0
4,3679,1712.0,80.0
4,3680,1284.0,100.0
4,3681,1057.0,1.0
4,3682,252.0,60.0
4,3683,1242.0,90.0
4,3684,1148.0,60.0
4,3685,636.0,60.0
4,3686,594.0,50.0
4,3687,256.0,0.0
4,3688,1788.0,60.0
4,3689,298.0,10.0
4,3690,2194.0,50.0
4,3691,1482.0,10.0
4,3692,1700.0,100.0
4,3693,800.0,0.0
4,3694,1574.0,70.0
4,3695,1316.0,20.0
4,3696,1104.0,80.0
4,3697,1701.0,5.0
4,3698,528.0,80.0
4,3699,976.0,0.0
4,3700,962.0,50.0
4,3701,712.0,40.0
4,3702,1464.0,40.0
4,3703,1284.0,20.0
4,3704,678.0,70.0
4,3705,1022.0,30.0
4,3706,798.0,30.0
4,3707,1060.0,100.0
4,3708,552.0,40.0
4,3709,1128.0,40.0
4,3710,1118.0,30.0
4,3711,592.0,80.0
4,3712,582.0,70.0
4,3713,1472.0,0.0
4,3714,1536.0,80.0
4,3715,1976.0,40.0
4,3716,1370.0,10.0
4,3717,922.0,10.0
4,3718,1310.0,30.0
4,3719,644.0,100.0
4,3720,1092.0,20.0
4,3721,656.0,80.0
4,3722,1020.0,60.0
4,3723,262.0,70.0
4,3724,1284.0,100.0
4,3725,346.0,90.0
4,3726,394.0,10.0
4,3727,584.0,40.0
4,3728,1334.0,70.0
4,3729,1244.0,60.0
4,3730,1778.0,50.0
4,3731,2276.0,20.0
4,3732,2334.0,30.0
4,3733,1532.0,60.0
4,3734,522.0,10.0
4,3735,1374.0,30.0
4,3736,1658.0,90.0
4,3737,1733.0,5.0
4,3738,1221.0,5.0
4,3739,577.0,1.0
4,3740,1396.0,20.0
4,3741,688.0,80.0
4,3742,576.0,0.0
4,3743,769.0,1.0
4,3744,1736.0,40.0
4,3745,1396.0,20.0
4,3746,645.0,5.0
4,3747,970.0,10.0
4,3748,1318.0,70.0
4,3749,572.0,60.0
4,3750,1470.0,30.0
4,3751,454.0,70.0
4,3752,2020.0,20.0
4,3753,552.0,40.0
4,3754,874.0,10.0
4,3755,672.0,0.0
4,3756,1088.0,0.0
4,3757,296.0,40.0
4,3758,421.0,5.0
4,3759,1008.0,80.0
4,3760,1285.0,5.0
4,3761,1640.0,40.0
4,3762,1040.0,80.0
4,3763,2181.0,5.0
4,3764,1050.0,90.0
4,3765,638.0,30.0
4,3766,1674.0,10.0
4,3767,1886.0,30.0
4,3768,954.0,90.0
4,3769,570.0,90.0
4,3770,1940.0,20.0
4,3771,916.0,20.0
4,3772,1054.0,30.0
4,3773,1748.0,20.0
4,3774,1466.0,90.0
4,3775,913.0,1.0
4,3776,954.0,90.0
4,3777,276.0,20.0
4,3778,656.0,80.0
4,3779,1382.0,70.0
4,3780,1537.0,1.0
4,3781,964.0,100.0
4,3782,598.0,70.0
4,3783,454.0,70.0
4,3784,1498.0,90.0
4,3785,640.0,0.0
4,3786,772.0,100.0
4,3787,1210.0,10.0
4,3788,500.0,20.0
4,3789,1340.0,60.0
4,3790,852.0,20.0
4,3791,874.0,10.0
4,3792,336.0,80.0
4,3793,464.0,80.0
4,3794,1444.0,100.0
4,3795,1252.0,20.0
4,3796,636.0,60.0
4,3797,325.0,5.0
4,3798,346.0,90.0
4,3799,1444.0,100.0
4,3800,1637.0,5.0
4,3801,232.0,40.0
4,3802,700.0,60.0
4,3803,666.0,90.0
4,3804,1812.0,20.0
4,3805,517.0,5.0
4,3806,1381.0,5.0
4,3807,1856.0,80.0
4,3808,690.0,50.0
4,3809,1734.0,70.0
4,3810,1985.0,1.0
4,3811,818.0,50.0
4,3812,858.0,90.0
4,3813,1414.0,70.0
4,3814,1600.0,0.0
4,3815,1562.0,90.0
4,3816,1918.0,30.0
4,3817,958.0,30.0
4,3818,2196.0,20.0
4,3819,1064.0,40.0
4,3820,1524.0,20.0
4,3821,1412.0,100.0
4,3822,1962.0,10.0
4,3823,762.0,90.0
4,3824,682.0,10.0
4,3825,1029.0,5.0
4,3826,1536.0,0.0
4,3827,656.0,80.0
4,3828,1278.0,30.0
4,3829,1348.0,100.0
4,3830,2414.0,30.0
4,3831,1780.0,20.0
4,3832,1418.0,10.0
4,3833,1434.0,90.0
4,3834,1414.0,70.0
4,3835,1330.0,50.0
4,3836,517.0,5.0
4,3837,272.0,80.0
4,3838,532.0,20.0
4,3839,424.0,40.0
4,3840,820.0,20.0
4,3841,1066.0,10.0
4,3842,1556.0,20.0
4,3843,286.0,30.0
4,3844,518.0,70.0
4,3845,1797.0,5.0
4,3846,1232.0,80.0
4,3847,518.0,70.0
4,3848,2452.0,20.0
4,3849,2021.0,5.0
4,3850,840.0,40.0
4,3851,904.0,40.0
4,3852,1188.0,20.0
4,3853,602.0,90.0
4,3854,1502.0,30.0
4,3855,1942.0,70.0
4,3856,1212.0,60.0
4,3857,530.0,50.0
4,3858,384.0,0.0
4,3859,1412.0,20.0
4,3860,708.0,100.0
4,3861,513.0,1.0
4,3862,542.0,30.0
4,3863,338.0,50.0
4,3864,1214.0,30.0
4,3865,1344.0,0.0
4,3866,306.0,50.0
4,3867,838.0,70.0
4,3868,838.0,70.0
4,3869,1540.0,100.0
4,3870,2004.0,20.0
4,3871,1466.0,90.0
4,3872,922.0,90.0
4,3873,276.0,20.0
4,3874,1724.0,60.0
4,3875,1282.0,50.0
4,3876,2534.0,70.0
4,3877,676.0,100.0
4,3878,910.0,30.0
4,3879,1941.0,5.0
4,3880,692.0,20.0
4,3881,306.0,50.0
4,3882,334.0,30.0
4,3883,2012.0,60.0
4,3884,1160.0,40.0
4,3885,628.0,20.0
4,3886,474.0,90.0
4,3887,922.0,10.0
4,3888,1098.0,10.0
4,3889,1248.0,0.0
4,3890,924.0,60.0
4,3891,1324.0,60.0
4,3892,788.0,20.0
4,3893,512.0,0.0
4,3894,296.0,40.0
4,3895,837.0,5.0
4,3896,1324.0,60.0
4,3897,788.0,20.0
4,3898,464.0,80.0
4,3899,688.0,80.0
4,3900,378.0,90.0
4,3901,992.0,80.0
4,3902,833.0,1.0
4,3903,1440.0,0.0
4,3904,1392.0,0.0
4,3905,516.0,100.0
4,3906,1572.0,100.0
4,3907,1884.0,60.0
4,3908,1404.0,60.0
4,3909,1636.0,20.0
4,3910,404.0,100.0
4,3911,1182.0,30.0
4,3912,1328.0,80.0
4,3913,1264.0,80.0
4,3914,1221.0,5.0
4,3915,894.0,30.0
4,3916,688.0,0.0
4,3917,564.0,20.0
4,3918,572.0,60.0
4,3919,1024.0,0.0
4,3920,842.0,10.0
4,3921,390.0,70.0
4,3922,705.0,1.0
4,3923,1876.0,20.0
4,3924,1434.0,10.0
4,3925,518.0,70.0
4,3926,1844.0,20.0
4,3927,922.0,90.0
4,3928,766.0,30.0
4,3929,641.0,1.0
4,3930,1298.0,50.0
4,3931,1780.0,100.0
4,3932,1824.0,80.0
4,3933,676.0,100.0
4,3934,676.0,100.0
4,3935,522.0,10.0
4,3936,293.0,5.0
4,3937,766.0,30.0
4,3938,1470.0,30.0
4,3939,1536.0,0.0
4,3940,2098.0,50.0
4,3941,1618.0,50.0
4,3942,628.0,20.0
4,3943,954.0,90.0
4,3944,910.0,30.0
4,3945,1521.0,1.0
4,3946,1220.0,100.0
4,3947,1446.0,70.0
4,3948,618.0,10.0
4,3949,458.0,10.0
4,3950,778.0,10.0
4,3951,805.0,5.0
4,3952,801.0,1.0
4,3953,1628.0,60.0
4,3954,2689.0,1.0
4,3955,2158.0,30.0
4,3956,1554.0,50.0
4,3957,992.0,0.0
4,3958,2012.0,60.0
4,3959,934.0,70.0
4,3960,532.0,20.0
4,3961,1201.0,1.0
4,3962,924.0,60.0
